message_id,channel,created_at,clean_text,tokens,lemmas,urls,emails,phones,dates,prices
1,web,2026-08-22 19:52:00,работает загрузка документа формата pdf date 1001 price,работает; загрузка; документа; формата; pdf; date; 1001; price,рабо; загр; докум; форм; pdf; date; 1001; price,Http://docs-service.ru/order?id=1001,,,06.01.2027,90 088 руб
2,social,2026-09-05 06:48:00,входа постоянно выбрасывает страницу авторизации date 46 011,входа; постоянно; выбрасывает; страницу; авторизации; date; 46; 011,входа; посто; выбрасы; стра; авториз; date; 46; 011,https://helpdesk-example.ru/item/2;,,,08/04/2026,
3,social,2026-09-09 19:28:00,403 1003 email email,403; 1003; email; email,403; 1003; email; email,http://helpdesk-example.ru/order?id=1003;,M.SMIRNOVA@MAIL.RU,,,
4,email,2026-09-03 15:32:00,оплата тарифа прошла функции pro активировались email phone,оплата; тарифа; прошла; функции; pro; активировались; email; phone,опла; тари; прош; функ; pro; активирова; email; phone,https://www.helpdesk-example.ru/support/4?from=mail;,TEST.USER@yandex.ru,2026-08-20,2026-08-20,
5,social,2026-09-04 17:50:00,сайт показывает белый экран браузере date email,сайт; показывает; белый; экран; браузере; date; email,сайт; показы; белый; экран; брау; date; email,https://www.helpdesk-example.ru/support/5?????from=mail,m.smirnova@mail.ru,,19-12-26,
6,web,2026-08-31 07:14:00,пропали сохранённые настройки аккаунта тел phone 562,пропали; сохранённые; настройки; аккаунта; тел; phone; 562,проп; сохранё; настр; акка; тел; phone; 562,HTTPS://DOCS-SERVICE.RU/ITEM/6;,,89492794961,,
7,web,2026-09-09 15:51:00,двухфакторной аутентификации phone email email 1007 price,двухфакторной; аутентификации; phone; email; email; 1007; price,двухфакто; аутентифик; phone; email; email; 1007; price,http://status-service.ru/order?id=1007,TEST.USER@corp-mail.ru,+7-991-123-23-94,,1331 RUB
8,mobile_app,2026-08-31 01:05:00,пропали сохранённые настройки аккаунта 1008 price date,пропали; сохранённые; настройки; аккаунта; 1008; price; date,проп; сохранё; настр; акка; 1008; price; date,http://helpdesk-example.ru/order?id=1008,,,25/12/2026,13 041 руб
9,web,2026-09-08 17:54:00,сервис очень медленно загружает файлы сегодня price 1009 phone email date,сервис; очень; медленно; загружает; файлы; сегодня; price; 1009; phone; email; date,серв; очень; медл; загру; файлы; сего; price; 1009; phone; email; date,Http://helpdesk-example.ru/order???id=1009,student2026@mail.ru,+7 941 568 2184,24-10-26,199 971 рублей
10,web,2026-09-14 05:45:00,пропали сохранённые настройки аккаунта phone,пропали; сохранённые; настройки; аккаунта; phone,проп; сохранё; настр; акка; phone,,,2026-10-23,2026-10-23,
11,web,2026-09-11 00:26:00,работает загрузка документа формата pdf price date,работает; загрузка; документа; формата; pdf; price; date,рабо; загр; докум; форм; pdf; price; date,,,,29.03.2026,806р
12,chat,2026-09-13 07:32:00,входа постоянно выбрасывает страницу авторизации date 1012 841 почта email,входа; постоянно; выбрасывает; страницу; авторизации; date; 1012; 841; почта; email,входа; посто; выбрасы; стра; авториз; date; 1012; 841; почта; email,http://docs-service.ru/order??id=1012,user_7483@yandex.ru,,28.01.2027,
13,mobile_app,2026-08-21 18:33:00,оплата тарифа прошла функции pro активировались phone date price,оплата; тарифа; прошла; функции; pro; активировались; phone; date; price,опла; тари; прош; функ; pro; активирова; phone; date; price,,,,17.12.2026,124519 RUB
14,web,2026-09-08 07:42:00,входа постоянно выбрасывает страницу авторизации email price date,входа; постоянно; выбрасывает; страницу; авторизации; email; price; date,входа; посто; выбрасы; стра; авториз; email; price; date,,student2026@corp-mail.ru,,25.01.2027,199 933 рублей
15,chat,2026-08-23 06:19:00,входа постоянно выбрасывает страницу авторизации date,входа; постоянно; выбрасывает; страницу; авторизации; date,входа; посто; выбрасы; стра; авториз; date,Www.status-service.ru/page/15,,,12-10-26,
16,web,2026-09-05 14:13:00,входа постоянно выбрасывает страницу авторизации email phone,входа; постоянно; выбрасывает; страницу; авторизации; email; phone,входа; посто; выбрасы; стра; авториз; email; phone,https://www.docs-service.ru/support/16?????from=mail,ivan.petrov@corp-mail.ru,+7 947 909 4210,,
17,social,2026-09-05 16:22:00,сайт показывает белый экран браузере почта email,сайт; показывает; белый; экран; браузере; почта; email,сайт; показы; белый; экран; брау; почта; email,,m.smirnova@corp-mail.ru,,,
18,chat,2026-08-24 09:20:00,приложение вылетает при запуске,приложение; вылетает; при; запуске,прилож; выле; при; запу,https://status-service.ru/item/18,,,,
19,email,2026-09-01 21:26:00,оплата тарифа прошла функции pro активировались почта email date,оплата; тарифа; прошла; функции; pro; активировались; почта; email; date,опла; тари; прош; функ; pro; активирова; почта; email; date,,STUDENT2026@YANDEX.RU,,12.08.2026,
20,email,2026-09-13 06:36:00,пропали сохранённые настройки аккаунта тел phone,пропали; сохранённые; настройки; аккаунта; тел; phone,проп; сохранё; настр; акка; тел; phone,https://www.helpdesk-example.ru/support/20?from=mail;,,+7-942-309-35-65,,
21,web,2026-08-23 05:50:00,почта email date price phone,почта; email; date; price; phone,почта; email; date; price; phone,,help.me@mail.ru,+7 973 382 4284,15-04-26,89 997 руб
22,email,2026-09-15 02:04:00,двухфакторной аутентификации phone 088,двухфакторной; аутентификации; phone; 088,двухфакто; аутентифик; phone; 088,https://www.docs-service.ru/support/22?from=mail,,2026-09-05,2026-09-05,
23,email,2026-08-22 20:15:00,сайт показывает белый экран браузере phone 876 email,сайт; показывает; белый; экран; браузере; phone; 876; email,сайт; показы; белый; экран; брау; phone; 876; email,,student2026@yandex.ru,89895606327,,
24,email,2026-08-21 19:21:00,пропали сохранённые настройки аккаунта price phone,пропали; сохранённые; настройки; аккаунта; price; phone,проп; сохранё; настр; акка; price; phone,,,+7 967 336 6286,,199957р
25,chat,2026-08-28 02:40:00,403 тел phone 1025 email,403; тел; phone; 1025; email,403; тел; phone; 1025; email,http://helpdesk-example.ru/order???id=1025,ivan.petrov@yandex.ru,+7-906-915-43-90,,
26,web,2026-09-15 11:13:00,403 price email date,403; price; email; date,403; price; email; date,https://helpdesk-example.ru/item/26;,User_9853@gmail.com,,24-05-26,6031р
27,web,2026-09-13 22:30:00,двухфакторной аутентификации 13 045 email email,двухфакторной; аутентификации; 13; 045; email; email,двухфакто; аутентифик; 13; 045; email; email,https://helpdesk-example.ru/item/27,ivan.petrov@corp-mail.ru,,,
28,mobile_app,2026-08-22 12:40:00,работает загрузка документа формата pdf 384 phone phone,работает; загрузка; документа; формата; pdf; 384; phone; phone,рабо; загр; докум; форм; pdf; 384; phone; phone,www.docs-service.ru/page/28,,2026-05-05; +7 977 111 3750,2026-05-05,
29,web,2026-09-04 20:25:00,входа постоянно выбрасывает страницу авторизации price phone,входа; постоянно; выбрасывает; страницу; авторизации; price; phone,входа; посто; выбрасы; стра; авториз; price; phone,www.helpdesk-example.ru/page/29,,,,532 руб
30,chat,2026-08-25 21:38:00,приложение вылетает при запуске phone phone,приложение; вылетает; при; запуске; phone; phone,прилож; выле; при; запу; phone; phone,,,89124812463; 2026-09-15,2026-09-15,
31,chat,2026-08-22 11:35:00,сервис очень медленно загружает файлы сегодня phone,сервис; очень; медленно; загружает; файлы; сегодня; phone,серв; очень; медл; загру; файлы; сего; phone,https://docs-service.ru/item/31,,+7 951 460 2367,,
32,mobile_app,2026-09-08 20:09:00,оплата тарифа прошла функции pro активировались 1032 date,оплата; тарифа; прошла; функции; pro; активировались; 1032; date,опла; тари; прош; функ; pro; активирова; 1032; date,http://docs-service.ru/order???id=1032,,,15.09.2026,
33,web,2026-08-29 18:11:00,сайт показывает белый экран браузере date price phone,сайт; показывает; белый; экран; браузере; date; price; phone,сайт; показы; белый; экран; брау; date; price; phone,,,+7 987 529 1259,09-04-26,2544р
34,email,2026-09-05 06:55:00,двухфакторной аутентификации почта email price,двухфакторной; аутентификации; почта; email; price,двухфакто; аутентифик; почта; email; price,,USER_3418@GMAIL.COM,,,1 372 руб
35,email,2026-09-16 21:59:00,phone price email,phone; price; email,phone; price; email,www.docs-service.ru/page/35;,user_8086@gmail.com,2026-07-29,2026-07-29,833 Руб
36,chat,2026-08-21 08:54:00,пропали сохранённые настройки аккаунта date price,пропали; сохранённые; настройки; аккаунта; date; price,проп; сохранё; настр; акка; date; price,,,,06-08-26,858 руб
37,chat,2026-09-08 21:45:00,двухфакторной аутентификации email email,двухфакторной; аутентификации; email; email,двухфакто; аутентифик; email; email,https://status-service.ru/item/37,m.smirnova@gmail.com,,,
38,social,2026-08-21 04:41:00,сайт показывает белый экран браузере email phone 199 954,сайт; показывает; белый; экран; браузере; email; phone; 199; 954,сайт; показы; белый; экран; брау; email; phone; 199; 954,https://helpdesk-example.ru/item/38,IVAN.PETROV@GMAIL.COM,+7 925 929 9216,,
39,social,2026-09-04 15:41:00,оплата тарифа прошла функции pro активировались 1039 почта email price date phone,оплата; тарифа; прошла; функции; pro; активировались; 1039; почта; email; price; date; phone,опла; тари; прош; функ; pro; активирова; 1039; почта; email; price; date; phone,http://docs-service.ru/order?id=1039,user_7910@yandex.ru,89182645314,23/02/2027,124 581 Рублей
40,chat,2026-08-24 11:35:00,пропали сохранённые настройки аккаунта price phone date,пропали; сохранённые; настройки; аккаунта; price; phone; date,проп; сохранё; настр; акка; price; phone; date,,,89877894389,05.08.2026,522р
41,email,2026-09-12 12:11:00,приложение вылетает при запуске тел phone email 513,приложение; вылетает; при; запуске; тел; phone; email; 513,прилож; выле; при; запу; тел; phone; email; 513,,ivan.petrov@corp-mail.ru,,,
42,social,2026-09-13 15:57:00,работает загрузка документа формата pdf date,работает; загрузка; документа; формата; pdf; date,рабо; загр; докум; форм; pdf; date,,,,02-10-26,
43,social,2026-09-09 09:05:00,двухфакторной аутентификации price тел phone date,двухфакторной; аутентификации; price; тел; phone; date,двухфакто; аутентифик; price; тел; phone; date,https://www.status-service.ru/support/43??from=mail,,+7 928 842 3823,09-08-26,124 567 рублей
44,web,2026-09-12 01:47:00,пропали сохранённые настройки аккаунта phone 46 074 phone,пропали; сохранённые; настройки; аккаунта; phone; 46; 074; phone,проп; сохранё; настр; акка; phone; 46; 074; phone,www.helpdesk-example.ru/page/44,,+7 982 303 6186; 2026-06-08,2026-06-08,
45,mobile_app,2026-09-12 02:04:00,сайт показывает белый экран браузере price phone email email date,сайт; показывает; белый; экран; браузере; price; phone; email; email; date,сайт; показы; белый; экран; брау; price; phone; email; email; date,,help.me@mail.ru,89888018224,02/10/2026,124 512 руб
46,web,2026-09-07 01:22:00,пропали сохранённые настройки аккаунта 578 email email,пропали; сохранённые; настройки; аккаунта; 578; email; email,проп; сохранё; настр; акка; 578; email; email,,TEST.USER@mail.ru,,,
47,web,2026-09-12 20:09:00,403 price,403; price,403; price,,,,,90076 RUB
48,chat,2026-08-25 01:31:00,оплата тарифа прошла функции pro активировались email date 124 518,оплата; тарифа; прошла; функции; pro; активировались; email; date; 124; 518,опла; тари; прош; функ; pro; активирова; email; date; 124; 518,https://www.helpdesk-example.ru/support/48????from=mail,user_6961@yandex.ru,,28-04-26,
49,social,2026-09-14 10:28:00,приложение вылетает при запуске price,приложение; вылетает; при; запуске; price,прилож; выле; при; запу; price,,,,,124539 RUB
50,web,2026-09-07 19:10:00,email phone phone,email; phone; phone,email; phone; phone,https://status-service.ru/item/50,ivan.petrov@yandex.ru,+7 945 626 3993; 2027-02-27,2027-02-27,
51,web,2026-09-14 22:27:00,403,403,403,,,,,
52,email,2026-09-05 06:30:00,входа постоянно выбрасывает страницу авторизации phone,входа; постоянно; выбрасывает; страницу; авторизации; phone,входа; посто; выбрасы; стра; авториз; phone,www.status-service.ru/page/52,,+7-906-229-47-71,,
53,mobile_app,2026-09-16 15:27:00,сайт показывает белый экран браузере date почта email phone,сайт; показывает; белый; экран; браузере; date; почта; email; phone,сайт; показы; белый; экран; брау; date; почта; email; phone,,student2026@corp-mail.ru,,22/04/2026,
54,social,2026-08-28 01:32:00,приложение вылетает при запуске date,приложение; вылетает; при; запуске; date,прилож; выле; при; запу; date,,,,21.04.2026,
55,web,2026-08-27 14:57:00,двухфакторной аутентификации phone email price,двухфакторной; аутентификации; phone; email; price,двухфакто; аутентифик; phone; email; price,https://www.docs-service.ru/support/55????from=mail,ivan.petrov@yandex.ru,89687413117,,12 992 руб
56,chat,2026-08-21 06:20:00,сайт показывает белый экран браузере price,сайт; показывает; белый; экран; браузере; price,сайт; показы; белый; экран; брау; price,,,,,46054Р
57,chat,2026-08-24 06:35:00,оплата тарифа прошла функции pro активировались price phone,оплата; тарифа; прошла; функции; pro; активировались; price; phone,опла; тари; прош; функ; pro; активирова; price; phone,www.docs-service.ru/page/57,,8 970 803 98 87,,1330р
58,mobile_app,2026-09-10 06:45:00,сайт показывает белый экран браузере date phone email email,сайт; показывает; белый; экран; браузере; date; phone; email; email,сайт; показы; белый; экран; брау; date; phone; email; email,,student2026@mail.ru,,28/05/2026,
59,chat,2026-08-25 11:06:00,403 price email email phone phone,403; price; email; email; phone; phone,403; price; email; email; phone; phone,www.status-service.ru/page/59,ivan.petrov@yandex.ru,2026-05-17,2026-05-17,1351 RUB
60,chat,2026-08-22 18:32:00,приложение вылетает при запуске 1060 email,приложение; вылетает; при; запуске; 1060; email,прилож; выле; при; запу; 1060; email,http://helpdesk-example.ru/order?id=1060,help.me@corp-mail.ru,,,
61,web,2026-09-14 07:49:00,оплата тарифа прошла функции pro активировались 1061 date,оплата; тарифа; прошла; функции; pro; активировались; 1061; date,опла; тари; прош; функ; pro; активирова; 1061; date,http://status-service.ru/order?id=1061,,,18-12-26,
62,web,2026-08-26 07:52:00,входа постоянно выбрасывает страницу авторизации,входа; постоянно; выбрасывает; страницу; авторизации,входа; посто; выбрасы; стра; авториз,,,,,
63,social,2026-08-20 11:34:00,оплата тарифа прошла функции pro активировались email 13 023,оплата; тарифа; прошла; функции; pro; активировались; email; 13; 023,опла; тари; прош; функ; pro; активирова; email; 13; 023,,M.SMIRNOVA@MAIL.RU,,,
64,web,2026-08-28 10:53:00,пропали сохранённые настройки аккаунта price date,пропали; сохранённые; настройки; аккаунта; price; date,проп; сохранё; настр; акка; price; date,,,,21-10-26,6 026 рублей
65,email,2026-08-31 15:59:00,работает загрузка документа формата pdf email price phone,работает; загрузка; документа; формата; pdf; email; price; phone,рабо; загр; докум; форм; pdf; email; price; phone,,STUDENT2026@MAIL.RU,2027-01-09,2027-01-09,2549 RUB
66,web,2026-08-30 20:39:00,сайт показывает белый экран браузере phone,сайт; показывает; белый; экран; браузере; phone,сайт; показы; белый; экран; брау; phone,,,+7-913-963-55-23,,
67,mobile_app,2026-09-04 17:35:00,403,403,403,,,,,
68,mobile_app,2026-08-27 08:32:00,пропали сохранённые настройки аккаунта price,пропали; сохранённые; настройки; аккаунта; price,проп; сохранё; настр; акка; price,,,,,870 рублей
69,social,2026-08-23 23:34:00,403 1069 date phone price,403; 1069; date; phone; price,403; 1069; date; phone; price,http://docs-service.ru/order?id=1069,,+7 968 358 1576,09/03/2026,124 570 рублей
70,mobile_app,2026-09-12 04:35:00,403,403,403,www.helpdesk-example.ru/page/70,,,,
71,email,2026-09-11 20:33:00,оплата тарифа прошла функции pro активировались date,оплата; тарифа; прошла; функции; pro; активировались; date,опла; тари; прош; функ; pro; активирова; date,https://helpdesk-example.ru/item/71,,,17-07-26,
72,web,2026-09-16 14:32:00,двухфакторной аутентификации phone price,двухфакторной; аутентификации; phone; price,двухфакто; аутентифик; phone; price,www.docs-service.ru/page/72,,+7 967 471 1318,,1 364 руб
73,mobile_app,2026-09-14 13:10:00,date почта email,date; почта; email,date; почта; email,https://www.status-service.ru/support/73?from=mail,m.smirnova@yandex.ru,,26.07.2026,
74,web,2026-09-13 23:40:00,403 price phone,403; price; phone,403; price; phone,www.status-service.ru/page/74,,2026-05-24,2026-05-24,46 032 руб
75,email,2026-09-06 15:09:00,работает загрузка документа формата pdf date email тел phone,работает; загрузка; документа; формата; pdf; date; email; тел; phone,рабо; загр; докум; форм; pdf; date; email; тел; phone,,help.me@yandex.ru,+7-951-199-80-38,09/04/2026,
76,chat,2026-09-09 04:14:00,входа постоянно выбрасывает страницу авторизации date,входа; постоянно; выбрасывает; страницу; авторизации; date,входа; посто; выбрасы; стра; авториз; date,,,,20/07/2026,
77,social,2026-08-29 22:48:00,оплата тарифа прошла функции pro активировались phone price,оплата; тарифа; прошла; функции; pro; активировались; phone; price,опла; тари; прош; функ; pro; активирова; phone; price,,,,,1 334 руб
78,social,2026-08-29 10:28:00,входа постоянно выбрасывает страницу авторизации price,входа; постоянно; выбрасывает; страницу; авторизации; price,входа; посто; выбрасы; стра; авториз; price,,,,,90 009 руб
79,email,2026-09-13 02:16:00,пропали сохранённые настройки аккаунта тел phone date,пропали; сохранённые; настройки; аккаунта; тел; phone; date,проп; сохранё; настр; акка; тел; phone; date,,,,24.09.2026,
80,social,2026-08-21 11:15:00,сайт показывает белый экран браузере 13 008 тел phone email 1080,сайт; показывает; белый; экран; браузере; 13; 008; тел; phone; email; 1080,сайт; показы; белый; экран; брау; 13; 008; тел; phone; email; 1080,http://helpdesk-example.ru/order?id=1080,m.smirnova@gmail.com,+7-952-422-27-98,,
81,web,2026-09-14 03:51:00,входа постоянно выбрасывает страницу авторизации price почта email phone date,входа; постоянно; выбрасывает; страницу; авторизации; price; почта; email; phone; date,входа; посто; выбрасы; стра; авториз; price; почта; email; phone; date,https://www.helpdesk-example.ru/support/81?from=mail;,TEST.USER@yandex.ru,8 981 842 39 37,27-11-26,124500р
82,social,2026-08-23 22:29:00,тел phone price date,тел; phone; price; date,тел; phone; price; date,,,89349427850,10-11-26,124500р
83,email,2026-08-25 03:27:00,двухфакторной аутентификации date,двухфакторной; аутентификации; date,двухфакто; аутентифик; date,https://www.helpdesk-example.ru/support/83?from=mail,,,04.07.2026,
84,social,2026-09-07 05:58:00,пропали сохранённые настройки аккаунта email phone price,пропали; сохранённые; настройки; аккаунта; email; phone; price,проп; сохранё; настр; акка; email; phone; price,www.status-service.ru/page/84,Help.me@gmail.com,89879825646,,13037 RUB
85,mobile_app,2026-09-15 16:34:00,приложение вылетает при запуске 13 052,приложение; вылетает; при; запуске; 13; 052,прилож; выле; при; запу; 13; 052,,,,,
86,chat,2026-08-27 20:03:00,403 date тел phone price,403; date; тел; phone; price,403; date; тел; phone; price,,,,27.09.2026,1 383 РУБЛЕЙ
87,social,2026-09-06 03:20:00,входа постоянно выбрасывает страницу авторизации phone price,входа; постоянно; выбрасывает; страницу; авторизации; phone; price,входа; посто; выбрасы; стра; авториз; phone; price,HTTPS://STATUS-SERVICE.RU/ITEM/87;,,+7-984-627-90-17,,90071р
88,chat,2026-09-15 16:11:00,403 тел phone phone email email,403; тел; phone; phone; email; email,403; тел; phone; phone; email; email,https://status-service.ru/item/88,m.smirnova@mail.ru,+7-961-938-77-77; 2026-11-16,2026-11-16,
89,social,2026-09-16 06:22:00,сайт показывает белый экран браузере 124 581 email email date phone,сайт; показывает; белый; экран; браузере; 124; 581; email; email; date; phone,сайт; показы; белый; экран; брау; 124; 581; email; email; date; phone,https://www.docs-service.ru/support/89?from=mail;,student2026@gmail.com,+7-991-619-27-96,17/08/2026,
90,mobile_app,2026-08-28 10:37:00,тел phone date,тел; phone; date,тел; phone; date,,,8 942 755 77 74,26/03/2026,
91,mobile_app,2026-09-09 15:47:00,оплата тарифа прошла функции pro активировались price,оплата; тарифа; прошла; функции; pro; активировались; price,опла; тари; прош; функ; pro; активирова; price,,,,,13 007 рублей
92,email,2026-08-25 23:28:00,работает загрузка документа формата pdf date,работает; загрузка; документа; формата; pdf; date,рабо; загр; докум; форм; pdf; date,www.docs-service.ru/page/92,,,26/05/2026,
93,email,2026-09-03 06:58:00,работает загрузка документа формата pdf phone date price email,работает; загрузка; документа; формата; pdf; phone; date; price; email,рабо; загр; докум; форм; pdf; phone; date; price; email,Https://www.status-service.ru/support/93?from=mail,ivan.petrov@corp-mail.ru,89336491984,14.01.2027,199 931 руб
94,email,2026-08-21 07:39:00,сервис очень медленно загружает файлы сегодня 1094 date,сервис; очень; медленно; загружает; файлы; сегодня; 1094; date,серв; очень; медл; загру; файлы; сего; 1094; date,Http://helpdesk-example.ru/order????id=1094,,,29/05/2026,
95,email,2026-08-27 06:48:00,сайт показывает белый экран браузере email date price phone,сайт; показывает; белый; экран; браузере; email; date; price; phone,сайт; показы; белый; экран; брау; email; date; price; phone,,HELP.ME@GMAIL.COM,8 910 110 36 63,24/05/2026,124501 RUB
96,chat,2026-09-08 04:38:00,входа постоянно выбрасывает страницу авторизации email date phone,входа; постоянно; выбрасывает; страницу; авторизации; email; date; phone,входа; посто; выбрасы; стра; авториз; email; date; phone,,student2026@mail.ru,,31-01-27,
97,mobile_app,2026-09-16 21:17:00,сервис очень медленно загружает файлы сегодня phone price 1097 date,сервис; очень; медленно; загружает; файлы; сегодня; phone; price; 1097; date,серв; очень; медл; загру; файлы; сего; phone; price; 1097; date,http://docs-service.ru/order?id=1097,,,16.11.2026,6 026 руб
98,web,2026-08-28 14:41:00,приложение вылетает при запуске email price,приложение; вылетает; при; запуске; email; price,прилож; выле; при; запу; email; price,,IVAN.PETROV@GMAIL.COM,,,13 073 рублей
99,chat,2026-08-24 21:16:00,phone,phone,phone,,,8 929 226 22 41,,
100,email,2026-08-21 07:14:00,пропали сохранённые настройки аккаунта phone price email email,пропали; сохранённые; настройки; аккаунта; phone; price; email; email,проп; сохранё; настр; акка; phone; price; email; email,,help.me@gmail.com,8 962 873 71 53,,46033р
101,mobile_app,2026-08-30 16:01:00,оплата тарифа прошла функции pro активировались 1101 price phone,оплата; тарифа; прошла; функции; pro; активировались; 1101; price; phone,опла; тари; прош; функ; pro; активирова; 1101; price; phone,http://helpdesk-example.ru/order?id=1101;,,89304309674,,2515р
102,social,2026-09-01 14:33:00,двухфакторной аутентификации phone email price,двухфакторной; аутентификации; phone; email; price,двухфакто; аутентифик; phone; email; price,,ivan.petrov@yandex.ru,2026-10-27,2026-10-27,90054р
103,web,2026-09-13 23:18:00,сервис очень медленно загружает файлы сегодня phone phone price,сервис; очень; медленно; загружает; файлы; сегодня; phone; phone; price,серв; очень; медл; загру; файлы; сего; phone; phone; price,www.docs-service.ru/page/103,,+7 972 978 9126; 2026-06-11,2026-06-11,6 027 руб
104,chat,2026-09-05 00:31:00,price,price,price,,,,,12994р
105,chat,2026-08-21 13:39:00,двухфакторной аутентификации phone,двухфакторной; аутентификации; phone,двухфакто; аутентифик; phone,,,+7-903-826-28-16,,
106,web,2026-09-14 13:00:00,оплата тарифа прошла функции pro активировались price phone phone,оплата; тарифа; прошла; функции; pro; активировались; price; phone; phone,опла; тари; прош; функ; pro; активирова; price; phone; phone,https://www.docs-service.ru/support/106?from=mail;,,+7-956-166-76-61; 2026-03-15,2026-03-15,46070 RUB
107,web,2026-08-25 11:31:00,сервис очень медленно загружает файлы сегодня price email,сервис; очень; медленно; загружает; файлы; сегодня; price; email,серв; очень; медл; загру; файлы; сего; price; email,,help.me@gmail.com,,,13 067 руб
108,web,2026-09-05 17:35:00,email,email,email,,TEST.USER@mail.ru,,,
109,chat,2026-08-25 12:08:00,date phone,date; phone,date; phone,WWW.DOCS-SERVICE.RU/PAGE/109,,,22/05/2026,
110,social,2026-09-05 12:43:00,403 336 phone,403; 336; phone,403; 336; phone,,,8 923 902 23 29,,
111,web,2026-08-24 19:14:00,сервис очень медленно загружает файлы сегодня price,сервис; очень; медленно; загружает; файлы; сегодня; price,серв; очень; медл; загру; файлы; сего; price,,,,,124 540 руб
112,web,2026-09-07 04:43:00,работает загрузка документа формата pdf price phone почта email,работает; загрузка; документа; формата; pdf; price; phone; почта; email,рабо; загр; докум; форм; pdf; price; phone; почта; email,,student2026@yandex.ru,2026-12-02,2026-12-02,551 руб
113,email,2026-08-25 09:08:00,price phone,price; phone,price; phone,,,,,517р
114,chat,2026-09-12 02:51:00,сайт показывает белый экран браузере phone почта email price,сайт; показывает; белый; экран; браузере; phone; почта; email; price,сайт; показы; белый; экран; брау; phone; почта; email; price,,ivan.petrov@corp-mail.ru,,,2 528 РУБ
115,social,2026-09-09 02:47:00,оплата тарифа прошла функции pro активировались date,оплата; тарифа; прошла; функции; pro; активировались; date,опла; тари; прош; функ; pro; активирова; date,www.helpdesk-example.ru/page/115,,,26.08.2026,
116,web,2026-08-25 18:56:00,работает загрузка документа формата pdf date почта email price 1116,работает; загрузка; документа; формата; pdf; date; почта; email; price; 1116,рабо; загр; докум; форм; pdf; date; почта; email; price; 1116,http://helpdesk-example.ru/order?id=1116,USER_6198@GMAIL.COM,,19/10/2026,815р
117,web,2026-08-31 11:35:00,приложение вылетает при запуске date почта email phone price,приложение; вылетает; при; запуске; date; почта; email; phone; price,прилож; выле; при; запу; date; почта; email; phone; price,https://www.helpdesk-example.ru/support/117??from=mail,TEST.USER@corp-mail.ru,,03-10-26,6085 RUB
118,chat,2026-08-21 03:42:00,сайт показывает белый экран браузере date phone price,сайт; показывает; белый; экран; браузере; date; phone; price,сайт; показы; белый; экран; брау; date; phone; price,,,,05/12/2026,519 рублей
119,email,2026-08-22 14:44:00,входа постоянно выбрасывает страницу авторизации email email price,входа; постоянно; выбрасывает; страницу; авторизации; email; email; price,входа; посто; выбрасы; стра; авториз; email; email; price,,m.smirnova@mail.ru,,,1365 Rub
120,web,2026-09-12 13:40:00,приложение вылетает при запуске phone price,приложение; вылетает; при; запуске; phone; price,прилож; выле; при; запу; phone; price,,,+7 972 189 1151,,46052 RUB
121,chat,2026-09-16 02:57:00,085 phone date,085; phone; date,085; phone; date,,,8 912 973 55 69,20/03/2026,
122,email,2026-09-05 15:19:00,работает загрузка документа формата pdf 1122 price email,работает; загрузка; документа; формата; pdf; 1122; price; email,рабо; загр; докум; форм; pdf; 1122; price; email,http://helpdesk-example.ru/order??id=1122,help.me@mail.ru,,,90051р
123,mobile_app,2026-09-06 03:26:00,535 email email date phone,535; email; email; date; phone,535; email; email; date; phone,HTTPS://HELPDESK-EXAMPLE.RU/ITEM/123,TEST.USER@mail.ru,+7 978 484 5476,14.03.2026,
124,email,2026-08-26 07:59:00,пропали сохранённые настройки аккаунта phone 1124 585 email date,пропали; сохранённые; настройки; аккаунта; phone; 1124; 585; email; date,проп; сохранё; настр; акка; phone; 1124; 585; email; date,http://helpdesk-example.ru/order?????id=1124,ivan.petrov@gmail.com,89861977640,15/12/2026,
125,mobile_app,2026-08-25 17:47:00,403 date price,403; date; price,403; date; price,,,,16-05-26,199935 RUB
126,email,2026-08-26 09:35:00,приложение вылетает при запуске date email,приложение; вылетает; при; запуске; date; email,прилож; выле; при; запу; date; email,https://helpdesk-example.ru/item/126,help.me@gmail.com,,14-10-26,
127,email,2026-09-07 22:01:00,price phone date,price; phone; date,price; phone; date,www.status-service.ru/page/127,,8 906 572 54 55,21/03/2026,124572 RUB
128,mobile_app,2026-09-04 08:52:00,403 price phone phone,403; price; phone; phone,403; price; phone; phone,https://helpdesk-example.ru/item/128,,89647764182; 2026-12-21,2026-12-21,510 руб
129,web,2026-08-30 11:37:00,двухфакторной аутентификации phone date,двухфакторной; аутентификации; phone; date,двухфакто; аутентифик; phone; date,https://www.docs-service.ru/support/129?from=mail;,,+7 906 793 7282,16/09/2026,
130,web,2026-09-12 15:21:00,сервис очень медленно загружает файлы севодня email price phone,сервис; очень; медленно; загружает; файлы; севодня; email; price; phone,серв; очень; медл; загру; файлы; сево; email; price; phone,,TEST.USER@yandex.ru,89616875697,,2 586 рублей
131,mobile_app,2026-08-25 00:29:00,сайт показывает белый экран браузере 1131 date email,сайт; показывает; белый; экран; браузере; 1131; date; email,сайт; показы; белый; экран; брау; 1131; date; email,http://status-service.ru/order??id=1131,TEST.USER@corp-mail.ru,,07/08/2026,
132,web,2026-08-20 22:44:00,сайт показывает белый экран браузере phone price date,сайт; показывает; белый; экран; браузере; phone; price; date,сайт; показы; белый; экран; брау; phone; price; date,Www.helpdesk-example.ru/page/132,,+7 905 598 4965,17-05-26,2 528 рублей
133,social,2026-08-29 02:20:00,сайт показывает белый экран браузере price date,сайт; показывает; белый; экран; браузере; price; date,сайт; показы; белый; экран; брау; price; date,https://helpdesk-example.ru/item/133,,,16/10/2026,1376 RUB
134,mobile_app,2026-08-27 18:11:00,phone 1134 price,phone; 1134; price,phone; 1134; price,http://docs-service.ru/order?id=1134,,,,124579 RUB
135,web,2026-09-03 14:30:00,работает загрузка документа формата pdf phone email email 546,работает; загрузка; документа; формата; pdf; phone; email; email; 546,рабо; загр; докум; форм; pdf; phone; email; email; 546,,user_5184@gmail.com,,,
136,chat,2026-09-13 17:45:00,сервис очень медленно загружает файлы севодня phone date,сервис; очень; медленно; загружает; файлы; севодня; phone; date,серв; очень; медл; загру; файлы; сево; phone; date,https://status-service.ru/item/136,,+7 952 404 9024,16.05.2026,
137,web,2026-09-08 18:23:00,phone price phone,phone; price; phone,phone; price; phone,https://status-service.ru/item/137,,2026-08-04; 89211439835,2026-08-04,89994 RUB
138,mobile_app,2026-08-23 13:48:00,работает загрузка документа формата pdf price date email,работает; загрузка; документа; формата; pdf; price; date; email,рабо; загр; докум; форм; pdf; price; date; email,,IVAN.PETROV@MAIL.RU,,27-04-26,1360р
139,mobile_app,2026-09-10 05:25:00,124 561 email email,124; 561; email; email,124; 561; email; email,www.status-service.ru/page/139,TEST.USER@mail.ru,,,
140,web,2026-09-08 05:20:00,приложение вылетает при запуске price email,приложение; вылетает; при; запуске; price; email,прилож; выле; при; запу; price; email,https://status-service.ru/item/140,help.me@corp-mail.ru,,,90 039 руб
141,social,2026-09-16 00:58:00,приложение вылетает при запуске date phone price,приложение; вылетает; при; запуске; date; phone; price,прилож; выле; при; запу; date; phone; price,,,89876498167,22-12-26,13 038 Рублей
142,chat,2026-08-27 04:34:00,403 phone 90 017,403; phone; 90; 017,403; phone; 90; 017,www.status-service.ru/page/142,,+7-971-659-60-36,,
143,chat,2026-09-06 13:33:00,входа постоянно выбрасывает страницу авторизации date email phone,входа; постоянно; выбрасывает; страницу; авторизации; date; email; phone,входа; посто; выбрасы; стра; авториз; date; email; phone,,TEST.USER@corp-mail.ru,+7 919 876 5382,23/12/2026,
144,email,2026-08-26 01:21:00,двухфакторной аутентификации date,двухфакторной; аутентификации; date,двухфакто; аутентифик; date,,,,18-08-26,
145,email,2026-08-21 19:47:00,сервис очень медленно загружает файлы сегодня email price phone,сервис; очень; медленно; загружает; файлы; сегодня; email; price; phone,серв; очень; медл; загру; файлы; сего; email; price; phone,https://docs-service.ru/item/145;,user_7018@gmail.com,2026-08-28,2026-08-28,806 рублей
146,web,2026-08-21 10:04:00,двухфакторной аутентификации 1146 date price email,двухфакторной; аутентификации; 1146; date; price; email,двухфакто; аутентифик; 1146; date; price; email,http://status-service.ru/order??id=1146,ivan.petrov@yandex.ru,,01/04/2026,46 016 рублей
147,chat,2026-08-23 21:17:00,входа постоянно выбрасывает страницу авторизации 199 972,входа; постоянно; выбрасывает; страницу; авторизации; 199; 972,входа; посто; выбрасы; стра; авториз; 199; 972,,,,,
148,social,2026-09-02 21:33:00,403 phone price date,403; phone; price; date,403; phone; price; date,https://docs-service.ru/item/148,,89623813292,14/02/2027,1 383 рублей
149,email,2026-08-21 11:02:00,оплта тарифа прошла функции pro активировались phone date price,оплта; тарифа; прошла; функции; pro; активировались; phone; date; price,оплта; тари; прош; функ; pro; активирова; phone; date; price,,,89215849032,07.06.2026,2532 RUB
150,chat,2026-08-20 21:03:00,почта email price,почта; email; price,почта; email; price,,student2026@mail.ru,,,2 560 руб
151,social,2026-09-12 14:03:00,403 date price,403; date; price,403; date; price,,,,09.07.2026,1311 RUB
152,chat,2026-09-05 08:13:00,сервис очень медленно загружает файлы сегодня phone,сервис; очень; медленно; загружает; файлы; сегодня; phone,серв; очень; медл; загру; файлы; сего; phone,,,+7 933 665 8998,,
153,social,2026-09-01 15:34:00,403 phone phone,403; phone; phone,403; phone; phone,https://helpdesk-example.ru/item/153,,89012831659; 2026-12-04,2026-12-04,
154,web,2026-09-10 17:20:00,приложение вылетает при запуске email price phone phone,приложение; вылетает; при; запуске; email; price; phone; phone,прилож; выле; при; запу; email; price; phone; phone,https://helpdesk-example.ru/item/154,user_49@gmail.com,+7 976 572 9755; 2027-02-27,2027-02-27,521р
155,social,2026-09-05 10:43:00,входа постоянно выбрасывает страницу авторизации тел phone price email email phone,входа; постоянно; выбрасывает; страницу; авторизации; тел; phone; price; email; email; phone,входа; посто; выбрасы; стра; авториз; тел; phone; price; email; email; phone,,user_4439@yandex.ru,89408129038; 2026-11-01,2026-11-01,2 584 руб
156,email,2026-09-12 02:42:00,приложение вылетает при запуске date price,приложение; вылетает; при; запуске; date; price,прилож; выле; при; запу; date; price,www.status-service.ru/page/156,,,24.01.2027,124 506 рублей
157,social,2026-08-24 04:06:00,403 date email email,403; date; email; email,403; date; email; email,HTTPS://HELPDESK-EXAMPLE.RU/ITEM/157,TEST.USER@mail.ru,,16/11/2026,
158,social,2026-09-14 04:09:00,двухфакторной аутентификации phone date price,двухфакторной; аутентификации; phone; date; price,двухфакто; аутентифик; phone; date; price,www.status-service.ru/page/158,,89647614914,31-10-26,124 503 руб
159,mobile_app,2026-08-24 06:11:00,сервис очень медленно загружает файлы сегодня 385 date,сервис; очень; медленно; загружает; файлы; сегодня; 385; date,серв; очень; медл; загру; файлы; сего; 385; date,https://www.docs-service.ru/support/159?from=mail,,,26.03.2026,
160,social,2026-08-26 10:13:00,537 email phone,537; email; phone,537; email; phone,,ivan.petrov@corp-mail.ru,,,
161,mobile_app,2026-09-11 09:52:00,оплата тарифа прошла функции pro активировались,оплата; тарифа; прошла; функции; pro; активировались,опла; тари; прош; функ; pro; активирова,https://www.status-service.ru/support/161?????from=mail,,,,
162,mobile_app,2026-08-27 07:54:00,сайт показывает белый экран браузере price phone email,сайт; показывает; белый; экран; браузере; price; phone; email,сайт; показы; белый; экран; брау; price; phone; email,,M.smirnova@yandex.ru,+7 936 388 8651,,1 371 рублей
163,mobile_app,2026-09-14 00:31:00,работает загрузка документа формата pdf phone price phone,работает; загрузка; документа; формата; pdf; phone; price; phone,рабо; загр; докум; форм; pdf; phone; price; phone,,,8 962 974 71 79; 2027-01-01,2027-01-01,199 917 РУБ
164,social,2026-09-14 08:57:00,оплата тарифа прошла функции pro активировались date,оплата; тарифа; прошла; функции; pro; активировались; date,опла; тари; прош; функ; pro; активирова; date,www.helpdesk-example.ru/page/164,,,05.10.2026,
165,mobile_app,2026-08-22 22:22:00,403 46 027 email email phone date,403; 46; 027; email; email; phone; date,403; 46; 027; email; email; phone; date,https://www.docs-service.ru/support/165?from=mail,help.me@yandex.ru,8 994 705 49 88,30.12.2026,
166,social,2026-09-10 10:31:00,работает загрузка документа формата pdf тел phone price date,работает; загрузка; документа; формата; pdf; тел; phone; price; date,рабо; загр; докум; форм; pdf; тел; phone; price; date,,,+7-921-490-51-51,30/12/2026,199969р
167,mobile_app,2026-09-10 08:24:00,работает загрузка документа формата pdf,работает; загрузка; документа; формата; pdf,рабо; загр; докум; форм; pdf,,,,,
168,web,2026-08-29 04:59:00,приложение вылетает при запуске email email 579 date,приложение; вылетает; при; запуске; email; email; 579; date,прилож; выле; при; запу; email; email; 579; date,https://helpdesk-example.ru/item/168,ivan.petrov@corp-mail.ru,,13.03.2026,
169,email,2026-09-10 12:52:00,phone price email date,phone; price; email; date,phone; price; email; date,,help.me@corp-mail.ru,,25-05-26,199929 RUB
170,email,2026-08-22 15:56:00,двухфакторной аутентификации date 1170 phone,двухфакторной; аутентификации; date; 1170; phone,двухфакто; аутентифик; date; 1170; phone,http://helpdesk-example.ru/order?id=1170;,,+7-980-268-80-32,20/01/2027,
171,web,2026-08-31 14:21:00,403 date phone,403; date; phone,403; date; phone,https://helpdesk-example.ru/item/171,,89743345691,08/03/2026,
172,email,2026-09-04 13:10:00,phone date,phone; date,phone; date,,,,25/08/2026,
173,social,2026-09-09 06:08:00,сайт показывает белый экран браузере phone date,сайт; показывает; белый; экран; браузере; phone; date,сайт; показы; белый; экран; брау; phone; date,https://www.helpdesk-example.ru/support/173?from=mail,,+7 913 670 5193,20.01.2027,
174,chat,2026-09-08 18:06:00,date,date,date,https://www.docs-service.ru/support/174???from=mail,,,29/11/2026,
175,social,2026-08-24 18:23:00,email date price phone,email; date; price; phone,email; date; price; phone,,student2026@corp-mail.ru,+7 977 301 7762,26-09-26,1 352 руб
176,web,2026-08-21 06:13:00,сайт показывает белый экран браузере date price,сайт; показывает; белый; экран; браузере; date; price,сайт; показы; белый; экран; брау; date; price,,,,09/09/2026,124538 RUB
177,email,2026-09-02 10:26:00,сайт показывает белый экран браузере phone price,сайт; показывает; белый; экран; браузере; phone; price,сайт; показы; белый; экран; брау; phone; price,,,89341039133,,12999 RUB
178,web,2026-09-15 15:07:00,403 email phone price,403; email; phone; price,403; email; phone; price,,help.me@yandex.ru,+7-914-640-93-12,,2502р
179,social,2026-08-25 08:13:00,403 price date тел phone 1179,403; price; date; тел; phone; 1179,403; price; date; тел; phone; 1179,http://helpdesk-example.ru/order?????id=1179,,,02.07.2026,1 316 рублей
180,mobile_app,2026-09-04 19:49:00,приложение вылетает при запуске phone price date,приложение; вылетает; при; запуске; phone; price; date,прилож; выле; при; запу; phone; price; date,WWW.HELPDESK-EXAMPLE.RU/PAGE/180;,,,23/07/2026,6 045 руб
181,mobile_app,2026-08-23 03:45:00,приложение вылетает при запуске price,приложение; вылетает; при; запуске; price,прилож; выле; при; запу; price,,,,,90071р
182,mobile_app,2026-08-27 18:31:00,двухфакторной аутентификации phone 1182,двухфакторной; аутентификации; phone; 1182,двухфакто; аутентифик; phone; 1182,http://helpdesk-example.ru/order?id=1182,,+7-908-829-49-33,,
183,chat,2026-09-04 07:05:00,сайт показывает белый экран браузере email,сайт; показывает; белый; экран; браузере; email,сайт; показы; белый; экран; брау; email,,TEST.USER@mail.ru,,,
184,mobile_app,2026-08-23 05:07:00,оплата тарифа прошла функции pro активировались почта email,оплата; тарифа; прошла; функции; pro; активировались; почта; email,опла; тари; прош; функ; pro; активирова; почта; email,www.status-service.ru/page/184,ivan.petrov@corp-mail.ru,,,
185,email,2026-09-01 09:55:00,сервис очень медленно загружает файлы сегодня phone date,сервис; очень; медленно; загружает; файлы; сегодня; phone; date,серв; очень; медл; загру; файлы; сего; phone; date,,,+7-930-429-10-76,11/08/2026,
186,email,2026-08-27 04:08:00,сервис очень медленно загружает файлы сегодня date,сервис; очень; медленно; загружает; файлы; сегодня; date,серв; очень; медл; загру; файлы; сего; date,,,,02/11/2026,
187,email,2026-08-25 05:36:00,оплата тарифа прошла функции pro активировались phone price email date,оплата; тарифа; прошла; функции; pro; активировались; phone; price; email; date,опла; тари; прош; функ; pro; активирова; phone; price; email; date,,m.smirnova@yandex.ru,+7-969-390-28-58,05.06.2026,46 069 руб
188,chat,2026-09-02 10:33:00,сервис очень медленно загружает файлы сегодня 90 044 email date,сервис; очень; медленно; загружает; файлы; сегодня; 90; 044; email; date,серв; очень; медл; загру; файлы; сего; 90; 044; email; date,,help.me@gmail.com,,16-09-26,
189,mobile_app,2026-09-12 03:01:00,входа постоянно выбрасывает страницу авторизации phone почта email 1189,входа; постоянно; выбрасывает; страницу; авторизации; phone; почта; email; 1189,входа; посто; выбрасы; стра; авториз; phone; почта; email; 1189,http://helpdesk-example.ru/order?id=1189,TEST.USER@gmail.com,+7 961 490 1336,,
190,email,2026-09-11 00:53:00,двухфакторной аутентификации email email,двухфакторной; аутентификации; email; email,двухфакто; аутентифик; email; email,,m.smirnova@yandex.ru,,,
191,chat,2026-08-31 20:25:00,оплата тарифа прошла функции pro активировались price phone,оплата; тарифа; прошла; функции; pro; активировались; price; phone,опла; тари; прош; функ; pro; активирова; price; phone,,,89317547872,,90 009 рублей
192,email,2026-09-13 05:35:00,403 date phone price,403; date; phone; price,403; date; phone; price,,,89591774574,06/02/2027,6 069 Рублей
193,chat,2026-09-01 01:09:00,оплата тарифа прошла функции pro активировались phone,оплата; тарифа; прошла; функции; pro; активировались; phone,опла; тари; прош; функ; pro; активирова; phone,,,+7-994-118-97-89,,
194,social,2026-09-15 12:50:00,403 price date,403; price; date,403; price; date,www.docs-service.ru/page/194,,,30.05.2026,90 034 рублей
195,web,2026-09-12 00:44:00,сайт показывает белый экран браузере,сайт; показывает; белый; экран; браузере,сайт; показы; белый; экран; брау,,,,,
196,chat,2026-08-30 00:26:00,пропали сохранённые настройки аккаунта date price,пропали; сохранённые; настройки; аккаунта; date; price,проп; сохранё; настр; акка; date; price,,,,27/12/2026,46065 RUB
197,web,2026-09-12 02:54:00,работает загрузка документа формата pdf date,работает; загрузка; документа; формата; pdf; date,рабо; загр; докум; форм; pdf; date,,,,03-10-26,
198,email,2026-09-11 02:24:00,пропали сохранённые настройки аккаунта тел phone почта email,пропали; сохранённые; настройки; аккаунта; тел; phone; почта; email,проп; сохранё; настр; акка; тел; phone; почта; email,HTTPS://STATUS-SERVICE.RU/ITEM/198,user_8421@mail.ru,+7 969 599 9822,,
199,chat,2026-09-09 11:30:00,сервис очень медленно загружает файлы сегодня price date phone,сервис; очень; медленно; загружает; файлы; сегодня; price; date; phone,серв; очень; медл; загру; файлы; сего; price; date; phone,,,,22/09/2026,46 076 рублей
200,mobile_app,2026-09-12 05:49:00,сервис очень медленно загружает файлы сегодня phone 089,сервис; очень; медленно; загружает; файлы; сегодня; phone; 089,серв; очень; медл; загру; файлы; сего; phone; 089,,,+7 913 338 9330,,
201,social,2026-09-09 19:24:00,403 price phone email тел phone,403; price; phone; email; тел; phone,403; price; phone; email; тел; phone,,M.SMIRNOVA@MAIL.RU,2026-12-01,2026-12-01,46019 RUB
202,mobile_app,2026-09-04 11:43:00,phone price date почта email,phone; price; date; почта; email,phone; price; date; почта; email,www.docs-service.ru/page/202,ivan.petrov@yandex.ru,,19/01/2027,46 032 руб
203,web,2026-09-05 22:02:00,844 email email date,844; email; email; date,844; email; email; date,,ivan.petrov@gmail.com,,08/03/2026,
204,web,2026-09-14 22:39:00,двухфакторной аутентификации email phone,двухфакторной; аутентификации; email; phone,двухфакто; аутентифик; email; phone,https://status-service.ru/item/204,ivan.petrov@gmail.com,,,
205,web,2026-09-13 01:23:00,приложение вылетает при запуске почта email price,приложение; вылетает; при; запуске; почта; email; price,прилож; выле; при; запу; почта; email; price,,TEST.USER@GMAIL.COM,,,199976 RUB
206,email,2026-08-29 03:53:00,сайт показывает белый экран браузере phone,сайт; показывает; белый; экран; браузере; phone,сайт; показы; белый; экран; брау; phone,,,+7 942 818 4217,,
207,email,2026-08-31 17:41:00,сайт показывает белый экран браузере тел phone,сайт; показывает; белый; экран; браузере; тел; phone,сайт; показы; белый; экран; брау; тел; phone,https://docs-service.ru/item/207,,8 943 280 87 62,,
208,social,2026-08-23 02:43:00,1208 price,1208; price,1208; price,http://docs-service.ru/order?id=1208,,,,89 994 руб
209,social,2026-09-14 05:34:00,сайт показывает белый экран браузере date,сайт; показывает; белый; экран; браузере; date,сайт; показы; белый; экран; брау; date,https://status-service.ru/item/209,,,22.01.2027,
210,web,2026-08-25 19:12:00,приложение вылетает при запуске email date 537 phone,приложение; вылетает; при; запуске; email; date; 537; phone,прилож; выле; при; запу; email; date; 537; phone,https://www.status-service.ru/support/210?????from=mail,student2026@yandex.ru,89075881748,12-03-26,
211,social,2026-09-02 03:53:00,двухфакторной аутентификации date 1211 phone 13 067 почта email,двухфакторной; аутентификации; date; 1211; phone; 13; 067; почта; email,двухфакто; аутентифик; date; 1211; phone; 13; 067; почта; email,http://status-service.ru/order???id=1211;,student2026@mail.ru,8 908 759 40 85,17/09/2026,
212,social,2026-08-31 22:30:00,приложение вылетает при запуске email email,приложение; вылетает; при; запуске; email; email,прилож; выле; при; запу; email; email,,user_9192@gmail.com,,,
213,social,2026-08-30 11:53:00,двухфакторной аутентификации phone email email price,двухфакторной; аутентификации; phone; email; email; price,двухфакто; аутентифик; phone; email; email; price,,IVAN.PETROV@CORP-MAIL.RU,2027-01-10,2027-01-10,124542р
214,social,2026-09-16 01:10:00,оплата тарифа прошла функции pro активировались phone price,оплата; тарифа; прошла; функции; pro; активировались; phone; price,опла; тари; прош; функ; pro; активирова; phone; price,,,,,547 руб
215,mobile_app,2026-08-31 16:08:00,двухфакторной аутентификации price,двухфакторной; аутентификации; price,двухфакто; аутентифик; price,www.helpdesk-example.ru/page/215;,,,,813Р
216,mobile_app,2026-09-10 12:30:00,двухфакторной аутентификации date phone,двухфакторной; аутентификации; date; phone,двухфакто; аутентифик; date; phone,,,89356015849,14-03-26,
217,social,2026-08-24 10:37:00,двухфакторной аутентификации price email,двухфакторной; аутентификации; price; email,двухфакто; аутентифик; price; email,Https://www.docs-service.ru/support/217?from=mail,M.SMIRNOVA@MAIL.RU,,,46 036 руб
218,chat,2026-09-11 12:14:00,пропали сохранённые настройки аккаунта 1218 price,пропали; сохранённые; настройки; аккаунта; 1218; price,проп; сохранё; настр; акка; 1218; price,http://status-service.ru/order??id=1218,,,,1 352 руб
219,mobile_app,2026-08-28 14:19:00,работает загрузка документа формата pdf price,работает; загрузка; документа; формата; pdf; price,рабо; загр; докум; форм; pdf; price,,,,,46002р
220,email,2026-09-05 05:10:00,входа постоянно выбрасывает страницу авторизации phone date email price,входа; постоянно; выбрасывает; страницу; авторизации; phone; date; email; price,входа; посто; выбрасы; стра; авториз; phone; date; email; price,www.docs-service.ru/page/220,help.me@corp-mail.ru,+7 936 119 1545,27/09/2026,886 RUB
221,social,2026-09-10 20:56:00,403 price 1221 phone phone,403; price; 1221; phone; phone,403; price; 1221; phone; phone,http://status-service.ru/order?id=1221,,2026-12-21,2026-12-21,847 рублей
222,chat,2026-09-02 07:58:00,сервис очень медленно загружает файлы сегодня,сервис; очень; медленно; загружает; файлы; сегодня,серв; очень; медл; загру; файлы; сего,,,,,
223,email,2026-08-28 09:49:00,403 price почта email,403; price; почта; email,403; price; почта; email,https://docs-service.ru/item/223;,m.smirnova@yandex.ru,,,570 руб
224,social,2026-09-06 10:36:00,price,price,price,www.helpdesk-example.ru/page/224,,,,124511р
225,chat,2026-09-08 09:26:00,403 price email phone,403; price; email; phone,403; price; email; phone,www.helpdesk-example.ru/page/225,m.smirnova@corp-mail.ru,+7-942-261-97-30,,6 052 руб
226,email,2026-08-29 14:21:00,входа постоянно выбрасывает страницу авторизации phone почта email price,входа; постоянно; выбрасывает; страницу; авторизации; phone; почта; email; price,входа; посто; выбрасы; стра; авториз; phone; почта; email; price,https://status-service.ru/item/226,Test.user@mail.ru,89861369437,,46075 RUB
227,social,2026-09-16 16:20:00,двухфакторной аутентификации тел phone phone 379,двухфакторной; аутентификации; тел; phone; phone; 379,двухфакто; аутентифик; тел; phone; phone; 379,https://www.status-service.ru/support/227?from=mail,,+7-979-542-26-62; 2026-11-26,2026-11-26,
228,web,2026-08-21 01:07:00,сайт показывает белый экран браузере тел phone date,сайт; показывает; белый; экран; браузере; тел; phone; date,сайт; показы; белый; экран; брау; тел; phone; date,,,89121774871,23/09/2026,
229,web,2026-08-24 18:57:00,работает загрузка документа формата pdf phone email email,работает; загрузка; документа; формата; pdf; phone; email; email,рабо; загр; докум; форм; pdf; phone; email; email,,user_7772@yandex.ru,8 935 824 28 83,,
230,web,2026-09-09 12:36:00,входа постоянно выбрасывает страницу авторизации phone phone,входа; постоянно; выбрасывает; страницу; авторизации; phone; phone,входа; посто; выбрасы; стра; авториз; phone; phone,,,2026-10-16,2026-10-16,
231,email,2026-09-16 17:07:00,сайт показывает белый экран браузере date price,сайт; показывает; белый; экран; браузере; date; price,сайт; показы; белый; экран; брау; date; price,https://docs-service.ru/item/231,,,21/01/2027,124541Р
232,social,2026-08-27 05:32:00,работает загрузка документа формата pdf phone,работает; загрузка; документа; формата; pdf; phone,рабо; загр; докум; форм; pdf; phone,,,+7 973 269 6124,,
233,social,2026-08-24 01:32:00,сервис очень медленно загружает файлы сегодня,сервис; очень; медленно; загружает; файлы; сегодня,серв; очень; медл; загру; файлы; сего,www.helpdesk-example.ru/page/233,,,,
234,social,2026-08-30 04:19:00,403 date phone 1234,403; date; phone; 1234,403; date; phone; 1234,http://status-service.ru/order?id=1234,,+7 975 764 9385,03-07-26,
235,chat,2026-08-20 01:34:00,входа постоянно выбрасывает страницу авторизации price,входа; постоянно; выбрасывает; страницу; авторизации; price,входа; посто; выбрасы; стра; авториз; price,,,,,1 304 рублей
236,web,2026-09-15 09:08:00,сайт показывает белый экран браузере тел phone price,сайт; показывает; белый; экран; браузере; тел; phone; price,сайт; показы; белый; экран; брау; тел; phone; price,https://helpdesk-example.ru/item/236,,,,199913р
237,chat,2026-08-29 16:32:00,date,date,date,,,,09/12/2026,
238,social,2026-09-09 23:22:00,работает загрузка документа формата pdf email phone date,работает; загрузка; документа; формата; pdf; email; phone; date,рабо; загр; докум; форм; pdf; email; phone; date,,HELP.ME@YANDEX.RU,+7 956 535 7489,09.03.2026,
239,email,2026-09-07 08:07:00,сервис очень медленно загружает файлы сегодня тел phone date 504,сервис; очень; медленно; загружает; файлы; сегодня; тел; phone; date; 504,серв; очень; медл; загру; файлы; сего; тел; phone; date; 504,https://status-service.ru/item/239,,+7 900 414 4194,27/02/2027,
240,chat,2026-08-30 11:54:00,date,date,date,,,,30/09/2026,
241,email,2026-09-11 22:33:00,403 date price,403; date; price,403; date; price,https://www.helpdesk-example.ru/support/241?from=mail,,,03-01-27,199982р
242,social,2026-08-24 16:30:00,входа постоянно выбрасывает страницу авторизации 1242 price,входа; постоянно; выбрасывает; страницу; авторизации; 1242; price,входа; посто; выбрасы; стра; авториз; 1242; price,Http://helpdesk-example.ru/order???id=1242,,,,124 577 РУБ
243,mobile_app,2026-08-23 01:45:00,приложение вылетает при запуске email price,приложение; вылетает; при; запуске; email; price,прилож; выле; при; запу; email; price,,STUDENT2026@MAIL.RU,,,13072 RUB
244,chat,2026-09-13 07:49:00,пропали сохранённые настройки аккаунта email,пропали; сохранённые; настройки; аккаунта; email,проп; сохранё; настр; акка; email,Www.status-service.ru/page/244,TEST.USER@corp-mail.ru,,,
245,social,2026-08-31 22:22:00,сервис очень медленно загружает файлы сегодня phone,сервис; очень; медленно; загружает; файлы; сегодня; phone,серв; очень; медл; загру; файлы; сего; phone,,,2026-12-19,2026-12-19,
246,email,2026-09-03 18:06:00,сайт показывает белый экран браузере email date price,сайт; показывает; белый; экран; браузере; email; date; price,сайт; показы; белый; экран; брау; email; date; price,,ivan.petrov@yandex.ru,,13.11.2026,6074 RUB
247,email,2026-09-15 02:05:00,работает загрузка документа формата pdf phone price,работает; загрузка; документа; формата; pdf; phone; price,рабо; загр; докум; форм; pdf; phone; price,,,2026-07-26,2026-07-26,90 062 рублей
248,email,2026-09-10 10:22:00,двухфакторной аутентификации date phone 12 994,двухфакторной; аутентификации; date; phone; 12; 994,двухфакто; аутентифик; date; phone; 12; 994,HTTPS://HELPDESK-EXAMPLE.RU/ITEM/248,,89495687918,12-04-26,
249,chat,2026-09-09 06:24:00,сайт показывает белый экран браузере date,сайт; показывает; белый; экран; браузере; date,сайт; показы; белый; экран; брау; date,,,,08/09/2026,
250,email,2026-08-21 23:15:00,оплата тарифа прошла функции pro активировались email date 805 phone 1250,оплата; тарифа; прошла; функции; pro; активировались; email; date; 805; phone; 1250,опла; тари; прош; функ; pro; активирова; email; date; 805; phone; 1250,http://helpdesk-example.ru/order?id=1250,USER_4928@YANDEX.RU,+7 949 750 3344,19-11-26,
251,chat,2026-08-29 03:37:00,двухфакторной аутентификации phone почта email,двухфакторной; аутентификации; phone; почта; email,двухфакто; аутентифик; phone; почта; email,,TEST.USER@MAIL.RU,2026-09-22,2026-09-22,
252,email,2026-09-06 13:42:00,403 date 540,403; date; 540,403; date; 540,,,,11.06.2026,
253,web,2026-09-06 20:30:00,пропали сохранённые настройки аккаунта почта email phone,пропали; сохранённые; настройки; аккаунта; почта; email; phone,проп; сохранё; настр; акка; почта; email; phone,,TEST.USER@corp-mail.ru,8 912 623 25 50,,
254,social,2026-09-11 18:37:00,сервис очень медленно загружает файлы севодня date,сервис; очень; медленно; загружает; файлы; севодня; date,серв; очень; медл; загру; файлы; сево; date,https://helpdesk-example.ru/item/254,,,23.05.2026,
255,social,2026-09-08 11:08:00,входа постоянно выбрасывает страницу автаризации price email phone,входа; постоянно; выбрасывает; страницу; автаризации; price; email; phone,входа; посто; выбрасы; стра; автариз; price; email; phone,,IVAN.PETROV@GMAIL.COM,8 931 215 92 66,,45 994 руб
256,social,2026-08-21 21:18:00,price date phone,price; date; phone,price; date; phone,www.helpdesk-example.ru/page/256;,,+7 997 118 6699,30.06.2026,2 515 руб
257,mobile_app,2026-08-27 00:23:00,price почта email,price; почта; email,price; почта; email,https://www.helpdesk-example.ru/support/257?from=mail,help.me@corp-mail.ru,,,124 535 Руб
258,social,2026-09-04 03:57:00,403 phone,403; phone,403; phone,,,8 954 495 47 27,,
259,social,2026-08-26 11:16:00,приложение вылетает при запуске тел phone date,приложение; вылетает; при; запуске; тел; phone; date,прилож; выле; при; запу; тел; phone; date,,,+7 982 451 2519,25/01/2027,
260,web,2026-09-01 04:26:00,403 price,403; price,403; price,https://helpdesk-example.ru/item/260,,,,552р
261,chat,2026-08-29 19:37:00,работает загрузка документа формата pdf date,работает; загрузка; документа; формата; pdf; date,рабо; загр; докум; форм; pdf; date,www.docs-service.ru/page/261;,,,13-11-26,
262,social,2026-08-27 11:05:00,двухфакторной аутентификации email phone price 1262,двухфакторной; аутентификации; email; phone; price; 1262,двухфакто; аутентифик; email; phone; price; 1262,http://docs-service.ru/order??id=1262,ivan.petrov@gmail.com,+7-934-652-99-85,,579 рублей
263,email,2026-08-24 06:47:00,работает загрузка документа формата pdf date,работает; загрузка; документа; формата; pdf; date,рабо; загр; докум; форм; pdf; date,,,,02-08-26,
264,web,2026-09-12 17:27:00,email phone,email; phone,email; phone,,IVAN.PETROV@CORP-MAIL.RU,+7-981-250-53-47,,
265,web,2026-09-13 11:33:00,сайт показывает белый экран браузере,сайт; показывает; белый; экран; браузере,сайт; показы; белый; экран; брау,,,,,
266,social,2026-08-25 19:32:00,двухфакторной аутентификации 1266,двухфакторной; аутентификации; 1266,двухфакто; аутентифик; 1266,http://helpdesk-example.ru/order?id=1266,,,,
267,social,2026-08-28 21:05:00,приложение вылетает при запуске phone 124 522 email,приложение; вылетает; при; запуске; phone; 124; 522; email,прилож; выле; при; запу; phone; 124; 522; email,www.helpdesk-example.ru/page/267,student2026@yandex.ru,,,
268,email,2026-09-04 07:54:00,сайт показывает белый экран браузере price phone date,сайт; показывает; белый; экран; браузере; price; phone; date,сайт; показы; белый; экран; брау; price; phone; date,https://www.docs-service.ru/support/268?from=mail,,,23-12-26,493 руб
269,email,2026-09-10 17:26:00,входа постоянно выбрасывает страницу авторизации phone 848,входа; постоянно; выбрасывает; страницу; авторизации; phone; 848,входа; посто; выбрасы; стра; авториз; phone; 848,Https://www.status-service.ru/support/269?from=mail,,2026-06-25,2026-06-25,
270,social,2026-09-03 13:48:00,403 1270 date email,403; 1270; date; email,403; 1270; date; email,http://helpdesk-example.ru/order?id=1270,user_7751@gmail.com,,19/10/2026,
271,social,2026-08-26 07:22:00,403 1271 phone email,403; 1271; phone; email,403; 1271; phone; email,http://status-service.ru/order?id=1271,user_5691@mail.ru,2026-04-17,2026-04-17,
272,email,2026-08-27 07:36:00,двухфакторной аутентификации price date phone email email,двухфакторной; аутентификации; price; date; phone; email; email,двухфакто; аутентифик; price; date; phone; email; email,,TEST.USER@corp-mail.ru,,08-11-26,46 079 руб
273,chat,2026-09-04 19:26:00,оплата тарифа прошла функции pro активировались 1273 124 571 email phone,оплата; тарифа; прошла; функции; pro; активировались; 1273; 124; 571; email; phone,опла; тари; прош; функ; pro; активирова; 1273; 124; 571; email; phone,http://docs-service.ru/order?????id=1273,TEST.USER@yandex.ru,89109461437,,
274,email,2026-09-08 01:21:00,двухфакторной аутентификации тел phone price,двухфакторной; аутентификации; тел; phone; price,двухфакто; аутентифик; тел; phone; price,,,+7-983-641-22-45,,886 RUB
275,email,2026-08-30 01:21:00,работает загрузка документа формата pdf,работает; загрузка; документа; формата; pdf,рабо; загр; докум; форм; pdf,https://www.status-service.ru/support/275?from=mail,,,,
276,social,2026-08-26 14:03:00,сервис очень медленно загружает файлы сегодня phone 1276,сервис; очень; медленно; загружает; файлы; сегодня; phone; 1276,серв; очень; медл; загру; файлы; сего; phone; 1276,http://status-service.ru/order?id=1276,,89098614918,,
277,mobile_app,2026-09-07 16:12:00,403 phone date,403; phone; date,403; phone; date,https://docs-service.ru/item/277,,,27.09.2026,
278,social,2026-09-11 19:30:00,price,price,price,,,,,811 рублей
279,email,2026-08-25 11:55:00,приложение вылетает при запуске date 199 999,приложение; вылетает; при; запуске; date; 199; 999,прилож; выле; при; запу; date; 199; 999,WWW.DOCS-SERVICE.RU/PAGE/279,,,16.09.2026,
280,web,2026-09-07 23:53:00,403 phone,403; phone,403; phone,https://www.status-service.ru/support/280?from=mail,,8 949 457 60 45,,
281,chat,2026-08-27 23:01:00,почта email тел phone price date,почта; email; тел; phone; price; date,почта; email; тел; phone; price; date,,help.me@yandex.ru,+7 948 784 6531,26/10/2026,2532 RUB
282,email,2026-08-26 17:03:00,двухфакторной аутентификации phone price phone,двухфакторной; аутентификации; phone; price; phone,двухфакто; аутентифик; phone; price; phone,,,2026-09-24,2026-09-24,2592 RUB
283,email,2026-08-27 15:18:00,двухфакторной аутентификации email email phone,двухфакторной; аутентификации; email; email; phone,двухфакто; аутентифик; email; email; phone,,user_9884@mail.ru,,,
284,chat,2026-08-27 06:39:00,оплата тарифа прошла функции pro активировались price phone date почта email,оплата; тарифа; прошла; функции; pro; активировались; price; phone; date; почта; email,опла; тари; прош; функ; pro; активирова; price; phone; date; почта; email,https://helpdesk-example.ru/item/284,help.me@corp-mail.ru,8 927 291 99 88,30-01-27,1 324 руб
285,chat,2026-09-13 10:50:00,приложение вылетает при запуске date phone email,приложение; вылетает; при; запуске; date; phone; email,прилож; выле; при; запу; date; phone; email,,TEST.USER@MAIL.RU,8 995 875 77 50,09.09.2026,
286,mobile_app,2026-09-09 07:07:00,пропали сохранённые настройки аккаунта email price phone,пропали; сохранённые; настройки; аккаунта; email; price; phone,проп; сохранё; настр; акка; email; price; phone,,Test.user@gmail.com,,,13077 RUB
287,chat,2026-08-27 06:59:00,работает загрузка документа формата pdf price,работает; загрузка; документа; формата; pdf; price,рабо; загр; докум; форм; pdf; price,https://helpdesk-example.ru/item/287,,,,1331р
288,mobile_app,2026-08-22 02:37:00,приложенее вылетает при запуске price,приложенее; вылетает; при; запуске; price,приложенее; выле; при; запу; price,https://www.helpdesk-example.ru/support/288?from=mail,,,,838 рублей
289,email,2026-09-14 22:15:00,приложение вылетает при запуске phone 90 081 phone,приложение; вылетает; при; запуске; phone; 90; 081; phone,прилож; выле; при; запу; phone; 90; 081; phone,,,2026-08-20; +7-990-764-60-64,2026-08-20,
290,mobile_app,2026-09-16 23:36:00,сервис очень медленно загружает файлы сегодня phone 1290 email email phone,сервис; очень; медленно; загружает; файлы; сегодня; phone; 1290; email; email; phone,серв; очень; медл; загру; файлы; сего; phone; 1290; email; email; phone,HTTP://DOCS-SERVICE.RU/ORDER?ID=1290,m.smirnova@mail.ru,+7 956 196 6978; 2026-09-14,2026-09-14,
291,web,2026-08-26 00:27:00,двухфакторной аутентификации price date,двухфакторной; аутентификации; price; date,двухфакто; аутентифик; price; date,,,,21/11/2026,853 руб
292,chat,2026-08-24 08:25:00,приложение вылетает при запуске date,приложение; вылетает; при; запуске; date,прилож; выле; при; запу; date,https://status-service.ru/item/292,,,26.01.2027,
293,social,2026-08-27 17:54:00,двухфакторной аутентификации phone почта email,двухфакторной; аутентификации; phone; почта; email,двухфакто; аутентифик; phone; почта; email,,TEST.USER@gmail.com,89086777462,,
294,email,2026-08-26 23:57:00,оплата тарифа прошла функции pro активировались phone price 1294,оплата; тарифа; прошла; функции; pro; активировались; phone; price; 1294,опла; тари; прош; функ; pro; активирова; phone; price; 1294,http://helpdesk-example.ru/order??id=1294,,89582156064,,199 926 руб
295,mobile_app,2026-09-07 22:25:00,входа постоянно выбрасывает страницу авторизации price date email email,входа; постоянно; выбрасывает; страницу; авторизации; price; date; email; email,входа; посто; выбрасы; стра; авториз; price; date; email; email,,m.smirnova@mail.ru,,02.04.2026,565 RUB
296,chat,2026-08-30 14:32:00,оплата тарифа прошла функции pro активировались 1296,оплата; тарифа; прошла; функции; pro; активировались; 1296,опла; тари; прош; функ; pro; активирова; 1296,http://helpdesk-example.ru/order??id=1296,,,,
297,chat,2026-08-20 17:59:00,работает загрузка документа формата pdf email email phone,работает; загрузка; документа; формата; pdf; email; email; phone,рабо; загр; докум; форм; pdf; email; email; phone,,TEST.USER@gmail.com,,,
298,chat,2026-09-10 05:57:00,входа постоянно выбрасывает страницу авторизации price email phone date,входа; постоянно; выбрасывает; страницу; авторизации; price; email; phone; date,входа; посто; выбрасы; стра; авториз; price; email; phone; date,,ivan.petrov@gmail.com,,13-01-27,199979 RUB
299,email,2026-08-30 15:23:00,пропали сохранённые настройки аккаунта price phone,пропали; сохранённые; настройки; аккаунта; price; phone,проп; сохранё; настр; акка; price; phone,www.status-service.ru/page/299,,2026-08-05,2026-08-05,89997 RUB
300,web,2026-09-14 10:55:00,сервис очень медленно загружает файлы сегодня date 1300 90 019 phone,сервис; очень; медленно; загружает; файлы; сегодня; date; 1300; 90; 019; phone,серв; очень; медл; загру; файлы; сего; date; 1300; 90; 019; phone,http://helpdesk-example.ru/order????id=1300,,89358939918,30-06-26,
301,social,2026-09-01 18:41:00,входа постоянно выбрасывает страницу авторизации 13 089 phone 1301,входа; постоянно; выбрасывает; страницу; авторизации; 13; 089; phone; 1301,входа; посто; выбрасы; стра; авториз; 13; 089; phone; 1301,http://status-service.ru/order???id=1301,,+7-995-505-94-90,,
302,social,2026-09-07 09:37:00,работает загрузка документа формата pdf email email,работает; загрузка; документа; формата; pdf; email; email,рабо; загр; докум; форм; pdf; email; email,www.helpdesk-example.ru/page/302,student2026@mail.ru,,,
303,email,2026-08-20 15:11:00,сервис очень медленно загружает файлы сегодня date phone,сервис; очень; медленно; загружает; файлы; сегодня; date; phone,серв; очень; медл; загру; файлы; сего; date; phone,,,89436666738,09/09/2026,
304,email,2026-08-23 15:03:00,работает загрузка документа формата pdf почта email phone тел phone price,работает; загрузка; документа; формата; pdf; почта; email; phone; тел; phone; price,рабо; загр; докум; форм; pdf; почта; email; phone; тел; phone; price,,TEST.USER@yandex.ru,2026-12-19; +7-952-590-12-82,2026-12-19,552 руб
305,social,2026-08-29 07:07:00,пропали сохранённые настройки аккаунта email email price date,пропали; сохранённые; настройки; аккаунта; email; email; price; date,проп; сохранё; настр; акка; email; email; price; date,www.docs-service.ru/page/305,USER_6881@CORP-MAIL.RU,,26/06/2026,90010р
306,mobile_app,2026-09-09 19:55:00,приложение вылетает при запуске date 1306,приложение; вылетает; при; запуске; date; 1306,прилож; выле; при; запу; date; 1306,http://helpdesk-example.ru/order??id=1306,,,14.04.2026,
307,web,2026-08-28 11:30:00,13 046 date,13; 046; date,13; 046; date,WWW.STATUS-SERVICE.RU/PAGE/307,,,14/11/2026,
308,email,2026-08-27 13:13:00,403 date,403; date,403; date,,,,18/09/2026,
309,chat,2026-09-01 12:43:00,приложение вылетает при запуске phone email,приложение; вылетает; при; запуске; phone; email,прилож; выле; при; запу; phone; email,https://helpdesk-example.ru/item/309,m.smirnova@corp-mail.ru,+7 962 562 2346,,
310,social,2026-09-04 11:21:00,оплата тарифа прошла функции pro активировались phone,оплата; тарифа; прошла; функции; pro; активировались; phone,опла; тари; прош; функ; pro; активирова; phone,,,+7-982-766-49-75,,
311,web,2026-08-22 15:48:00,сайт показывает белый экран браузере,сайт; показывает; белый; экран; браузере,сайт; показы; белый; экран; брау,,,,,
312,mobile_app,2026-09-11 17:56:00,работает загрузка документа формата pdf 1312 phone price,работает; загрузка; документа; формата; pdf; 1312; phone; price,рабо; загр; докум; форм; pdf; 1312; phone; price,http://docs-service.ru/order?id=1312,,,,199 953 руб
313,web,2026-08-28 15:09:00,приложение вылетает при запуске phone,приложение; вылетает; при; запуске; phone,прилож; выле; при; запу; phone,www.helpdesk-example.ru/page/313,,89172519191,,
314,social,2026-08-31 16:21:00,сервис очень медленно загружает файлы сегодня phone price,сервис; очень; медленно; загружает; файлы; сегодня; phone; price,серв; очень; медл; загру; файлы; сего; phone; price,https://www.helpdesk-example.ru/support/314??from=mail,,2026-04-22,2026-04-22,1 294 РУБ
315,email,2026-08-29 01:59:00,phone price,phone; price,phone; price,,,+7 987 553 7158,,2 593 руб
316,email,2026-09-02 09:57:00,оплата тарифа прошла функции pro активировались email date phone,оплата; тарифа; прошла; функции; pro; активировались; email; date; phone,опла; тари; прош; функ; pro; активирова; email; date; phone,,ivan.petrov@mail.ru,+7-967-828-59-97,21/04/2026,
317,social,2026-08-25 19:14:00,двухфакторной аутентификации date phone,двухфакторной; аутентификации; date; phone,двухфакто; аутентифик; date; phone,,,+7 969 762 7331,08.03.2026,
318,social,2026-08-29 18:59:00,входа постоянно выбрасывает страницу авторизации 1318 90 060,входа; постоянно; выбрасывает; страницу; авторизации; 1318; 90; 060,входа; посто; выбрасы; стра; авториз; 1318; 90; 060,http://docs-service.ru/order?id=1318,,,,
319,chat,2026-09-04 18:29:00,сайт показывает белый экран браузере тел phone,сайт; показывает; белый; экран; браузере; тел; phone,сайт; показы; белый; экран; брау; тел; phone,,,89738637016,,
320,chat,2026-08-30 04:52:00,пропали сохранённые настройки аккаунта price phone,пропали; сохранённые; настройки; аккаунта; price; phone,проп; сохранё; настр; акка; price; phone,,,,,496 руб
321,web,2026-08-26 09:33:00,двухфакторной аутентификации email email price,двухфакторной; аутентификации; email; email; price,двухфакто; аутентифик; email; email; price,,ivan.petrov@corp-mail.ru,,,199975р
322,email,2026-09-09 14:04:00,сайт показывает белый экран браузере email price phone,сайт; показывает; белый; экран; браузере; email; price; phone,сайт; показы; белый; экран; брау; email; price; phone,,help.me@gmail.com,2026-07-23,2026-07-23,90 039 рублей
323,email,2026-08-25 10:52:00,двухфакторной аутентификации price email email тел phone,двухфакторной; аутентификации; price; email; email; тел; phone,двухфакто; аутентифик; price; email; email; тел; phone,,help.me@mail.ru,,,13 036 рублей
324,web,2026-09-09 15:44:00,date тел phone,date; тел; phone,date; тел; phone,https://www.helpdesk-example.ru/support/324????from=mail,,89974836514,17-11-26,
325,email,2026-09-03 05:21:00,пропали сохранённые настройки аккаунта phone,пропали; сохранённые; настройки; аккаунта; phone,проп; сохранё; настр; акка; phone,,,2026-04-01,2026-04-01,
326,web,2026-08-29 18:41:00,входа постоянно выбрасывает страницу авторизации price почта email,входа; постоянно; выбрасывает; страницу; авторизации; price; почта; email,входа; посто; выбрасы; стра; авториз; price; почта; email,,help.me@gmail.com,,,881 рублей
327,mobile_app,2026-09-05 03:47:00,phone 1327,phone; 1327,phone; 1327,http://docs-service.ru/order?id=1327,,+7 908 476 8152,,
328,email,2026-09-04 23:52:00,входа постоянно выбрасывает страницу авторизации email email phone,входа; постоянно; выбрасывает; страницу; авторизации; email; email; phone,входа; посто; выбрасы; стра; авториз; email; email; phone,,m.smirnova@yandex.ru,8 942 213 35 27,,
329,web,2026-08-20 06:52:00,сервис очень медленно загружает файлы сегодня,сервис; очень; медленно; загружает; файлы; сегодня,серв; очень; медл; загру; файлы; сего,,,,,
330,email,2026-09-09 04:02:00,работает загрузка документа формата pdf phone,работает; загрузка; документа; формата; pdf; phone,рабо; загр; докум; форм; pdf; phone,https://www.helpdesk-example.ru/support/330?from=mail,,89341067595,,
331,web,2026-09-15 23:05:00,пропали сохранённые настройки аккаунта тел phone email,пропали; сохранённые; настройки; аккаунта; тел; phone; email,проп; сохранё; настр; акка; тел; phone; email,,ivan.petrov@corp-mail.ru,89738263479,,
332,social,2026-08-22 23:31:00,пропали сохранённые настройки аккаунта phone,пропали; сохранённые; настройки; аккаунта; phone,проп; сохранё; настр; акка; phone,,,8 934 139 34 57,,
333,mobile_app,2026-09-15 15:13:00,сайт показывает белый экран браузере phone date 1333 email price,сайт; показывает; белый; экран; браузере; phone; date; 1333; email; price,сайт; показы; белый; экран; брау; phone; date; 1333; email; price,http://docs-service.ru/order?id=1333,Ivan.petrov@yandex.ru,8 916 631 69 58,17.02.2027,881 RUB
334,email,2026-08-21 18:58:00,price email email phone date,price; email; email; phone; date,price; email; email; phone; date,,m.smirnova@corp-mail.ru,+7 982 108 8431,15/02/2027,5992 RUB
335,web,2026-09-16 17:24:00,двухфакторной аутентификации price date phone,двухфакторной; аутентификации; price; date; phone,двухфакто; аутентифик; price; date; phone,,,8 992 587 82 83,16-07-26,124588 RUB
336,web,2026-08-29 14:27:00,пропали сохранённые настройки аккаунта date price,пропали; сохранённые; настройки; аккаунта; date; price,проп; сохранё; настр; акка; date; price,https://www.status-service.ru/support/336?from=mail,,,22-11-26,860 руб
337,web,2026-09-12 14:42:00,двухфакторной аутентификации email email тел phone,двухфакторной; аутентификации; email; email; тел; phone,двухфакто; аутентифик; email; email; тел; phone,www.helpdesk-example.ru/page/337,ivan.petrov@yandex.ru,+7 947 701 2312,,
338,email,2026-09-13 15:49:00,403 тел phone 880 phone,403; тел; phone; 880; phone,403; тел; phone; 880; phone,www.docs-service.ru/page/338,,89873692296; 2026-04-21,2026-04-21,
339,web,2026-09-03 13:36:00,email,email,email,WWW.DOCS-SERVICE.RU/PAGE/339,TEST.USER@gmail.com,,,
340,chat,2026-08-23 13:34:00,сервис очень медленно загружает файлы сегодня price phone date,сервис; очень; медленно; загружает; файлы; сегодня; price; phone; date,серв; очень; медл; загру; файлы; сего; price; phone; date,Https://helpdesk-example.ru/item/340,,,18.09.2026,46058 RUB
341,social,2026-09-13 21:08:00,403 90 029,403; 90; 029,403; 90; 029,https://status-service.ru/item/341,,,,
342,social,2026-09-07 22:01:00,403 date,403; date,403; date,,,,20.06.2026,
343,chat,2026-08-20 08:27:00,входа постоянно выбрасывает страницу авторизации phone price,входа; постоянно; выбрасывает; страницу; авторизации; phone; price,входа; посто; выбрасы; стра; авториз; phone; price,,,2026-10-10,2026-10-10,543 руб
344,mobile_app,2026-09-06 14:25:00,сайт показывает белый экран браузере price,сайт; показывает; белый; экран; браузере; price,сайт; показы; белый; экран; брау; price,,,,,199996р
345,web,2026-09-04 07:43:00,тел phone price phone почта email,тел; phone; price; phone; почта; email,тел; phone; price; phone; почта; email,,m.smirnova@corp-mail.ru,+7-903-233-12-55; 2026-09-10,2026-09-10,124507р
346,social,2026-09-01 06:37:00,сервис очень медленно загружает файлы сегодня date price,сервис; очень; медленно; загружает; файлы; сегодня; date; price,серв; очень; медл; загру; файлы; сего; date; price,,,,07-09-26,508 рублей
347,email,2026-08-20 05:43:00,оплата тарифа прошла функции pro активировались phone price email phone,оплата; тарифа; прошла; функции; pro; активировались; phone; price; email; phone,опла; тари; прош; функ; pro; активирова; phone; price; email; phone,https://status-service.ru/item/347,TEST.USER@gmail.com,2026-08-10; 8 952 356 84 85,2026-08-10,499р
348,email,2026-08-24 14:41:00,двухфакторной аутентификации phone email price,двухфакторной; аутентификации; phone; email; price,двухфакто; аутентифик; phone; email; price,,TEST.USER@corp-mail.ru,,,124542р
349,chat,2026-09-04 12:48:00,сайт показывает белый экран браузере price phone phone,сайт; показывает; белый; экран; браузере; price; phone; phone,сайт; показы; белый; экран; брау; price; phone; phone,,,2026-06-06,2026-06-06,199904р
350,chat,2026-08-31 02:59:00,оплата тарифа прошла функции pro активировались price,оплата; тарифа; прошла; функции; pro; активировались; price,опла; тари; прош; функ; pro; активирова; price,https://www.helpdesk-example.ru/support/350?from=mail,,,,124 534 руб
351,mobile_app,2026-09-08 15:15:00,пропали сохранённые настройки аккаунта date,пропали; сохранённые; настройки; аккаунта; date,проп; сохранё; настр; акка; date,,,,14.11.2026,
352,social,2026-09-13 15:13:00,phone email email,phone; email; email,phone; email; email,,STUDENT2026@CORP-MAIL.RU,8 998 750 61 22,,
353,web,2026-09-06 13:02:00,оплата тарифа прошла функции pro активировались price date phone,оплата; тарифа; прошла; функции; pro; активировались; price; date; phone,опла; тари; прош; функ; pro; активирова; price; date; phone,,,+7-902-479-58-36,23/04/2026,1316р
354,mobile_app,2026-09-11 17:26:00,приложенее вылетает при запуске price,приложенее; вылетает; при; запуске; price,приложенее; выле; при; запу; price,,,,,512 RUB
355,mobile_app,2026-08-20 05:12:00,пропали сохранённые настройки аккаунта date почта email,пропали; сохранённые; настройки; аккаунта; date; почта; email,проп; сохранё; настр; акка; date; почта; email,www.status-service.ru/page/355,Test.user@corp-mail.ru,,11/10/2026,
356,chat,2026-09-02 09:26:00,сервис очень медленно загружает файлы сегодня email тел phone,сервис; очень; медленно; загружает; файлы; сегодня; email; тел; phone,серв; очень; медл; загру; файлы; сего; email; тел; phone,WWW.HELPDESK-EXAMPLE.RU/PAGE/356,Test.user@corp-mail.ru,8 988 689 55 91,,
357,social,2026-08-29 13:57:00,работает загрузка документа формата pdf 515 phone,работает; загрузка; документа; формата; pdf; 515; phone,рабо; загр; докум; форм; pdf; 515; phone,,,+7 923 821 2610,,
358,chat,2026-08-28 17:02:00,email email,email; email,email; email,,m.smirnova@gmail.com,,,
359,web,2026-08-21 07:52:00,сайт показывает белый экран браузере price тел phone,сайт; показывает; белый; экран; браузере; price; тел; phone,сайт; показы; белый; экран; брау; price; тел; phone,www.helpdesk-example.ru/page/359;,,8 930 575 52 87,,90003р
360,social,2026-09-11 02:43:00,работает загрузка документа формата pdf date phone,работает; загрузка; документа; формата; pdf; date; phone,рабо; загр; докум; форм; pdf; date; phone,,,+7 951 680 7180,28-01-27,
361,email,2026-09-16 03:42:00,работает загрузка документа формата pdf price,работает; загрузка; документа; формата; pdf; price,рабо; загр; докум; форм; pdf; price,https://www.status-service.ru/support/361?from=mail,,,,6014р
362,social,2026-09-14 22:18:00,сайт показывает белый экран браузере phone date,сайт; показывает; белый; экран; браузере; phone; date,сайт; показы; белый; экран; брау; phone; date,,,8 966 966 80 18,26/09/2026,
363,mobile_app,2026-09-09 06:18:00,пропали сохранённые настройки аккаунта phone почта email,пропали; сохранённые; настройки; аккаунта; phone; почта; email,проп; сохранё; настр; акка; phone; почта; email,,ivan.petrov@corp-mail.ru,2027-02-26,2027-02-26,
364,social,2026-08-29 23:12:00,приложение вылетает при запуске price email 1364 date,приложение; вылетает; при; запуске; price; email; 1364; date,прилож; выле; при; запу; price; email; 1364; date,http://helpdesk-example.ru/order????id=1364,user_4580@yandex.ru,,09.01.2027,524р
365,mobile_app,2026-08-26 09:40:00,приложение вылетает при запуске,приложение; вылетает; при; запуске,прилож; выле; при; запу,www.status-service.ru/page/365,,,,
366,chat,2026-09-07 14:57:00,403 phone date price,403; phone; date; price,403; phone; date; price,https://www.status-service.ru/support/366?from=mail,,89696667556,12-06-26,13 072 руб
367,mobile_app,2026-08-20 09:38:00,date,date,date,https://www.docs-service.ru/support/367?from=mail;,,,04.01.2027,
368,mobile_app,2026-09-01 02:49:00,пропали сохранённые настройки аккаунта почта email date phone,пропали; сохранённые; настройки; аккаунта; почта; email; date; phone,проп; сохранё; настр; акка; почта; email; date; phone,https://www.status-service.ru/support/368???from=mail,m.smirnova@gmail.com,89275812834,12/04/2026,
369,web,2026-08-21 14:27:00,двухфакторной аутентификации phone почта email price,двухфакторной; аутентификации; phone; почта; email; price,двухфакто; аутентифик; phone; почта; email; price,www.helpdesk-example.ru/page/369,user_1597@gmail.com,,,90 089 руб
370,chat,2026-09-03 13:17:00,403 575 тел phone,403; 575; тел; phone,403; 575; тел; phone,,,8 940 962 97 25,,
371,chat,2026-09-02 09:41:00,phone date price,phone; date; price,phone; date; price,www.status-service.ru/page/371,,,17/12/2026,803 RUB
372,email,2026-09-16 10:22:00,двухфакторной аутентификации price date,двухфакторной; аутентификации; price; date,двухфакто; аутентифик; price; date,,,,09/08/2026,6 031 РУБЛЕЙ
373,mobile_app,2026-08-27 11:16:00,сервис очень медленно загружает файлы сегодня price почта email date,сервис; очень; медленно; загружает; файлы; сегодня; price; почта; email; date,серв; очень; медл; загру; файлы; сего; price; почта; email; date,,ivan.petrov@corp-mail.ru,,13.02.2027,90 084 руб
374,chat,2026-09-14 06:44:00,двухфакторной аутентификации phone,двухфакторной; аутентификации; phone,двухфакто; аутентифик; phone,https://status-service.ru/item/374,,89664416779,,
375,mobile_app,2026-09-02 08:22:00,сервис очень медленно загружает файлы сегодня price phone,сервис; очень; медленно; загружает; файлы; сегодня; price; phone,серв; очень; медл; загру; файлы; сего; price; phone,,,+7 991 640 9568,,1308 RUB
376,web,2026-09-08 20:46:00,входа постоянно выбрасывает страницу авторизации price date,входа; постоянно; выбрасывает; страницу; авторизации; price; date,входа; посто; выбрасы; стра; авториз; price; date,,,,19/02/2027,552 РУБ
377,chat,2026-08-23 15:13:00,работает загрузка документа формата pdf date email,работает; загрузка; документа; формата; pdf; date; email,рабо; загр; докум; форм; pdf; date; email,,help.me@gmail.com,,28/07/2026,
378,social,2026-08-27 04:51:00,двухфакторной аутентификации почта email phone,двухфакторной; аутентификации; почта; email; phone,двухфакто; аутентифик; почта; email; phone,,m.smirnova@yandex.ru,,,
379,social,2026-08-31 10:10:00,price date почта email phone,price; date; почта; email; phone,price; date; почта; email; phone,https://helpdesk-example.ru/item/379,m.smirnova@gmail.com,+7-902-602-21-22,28.09.2026,845 рублей
380,chat,2026-08-31 07:20:00,оплата тарифа прошла функции pro активировались phone email email price,оплата; тарифа; прошла; функции; pro; активировались; phone; email; email; price,опла; тари; прош; функ; pro; активирова; phone; email; email; price,,user_2840@yandex.ru,2026-09-30,2026-09-30,5996р
381,web,2026-08-30 22:55:00,сервис очень медленно загружает файлы сегодня date,сервис; очень; медленно; загружает; файлы; сегодня; date,серв; очень; медл; загру; файлы; сего; date,,,,05.12.2026,
382,chat,2026-09-04 04:07:00,сайт показывает белый экран браузере email,сайт; показывает; белый; экран; браузере; email,сайт; показы; белый; экран; брау; email,,ivan.petrov@mail.ru,,,
383,web,2026-09-09 09:47:00,оплата тарифа прошла функции pro активировались email тел phone date 086,оплата; тарифа; прошла; функции; pro; активировались; email; тел; phone; date; 086,опла; тари; прош; функ; pro; активирова; email; тел; phone; date; 086,Https://docs-service.ru/item/383,help.me@gmail.com,,01.01.2027,
384,social,2026-08-31 07:34:00,входа постоянно выбрасывает страницу авторизации price,входа; постоянно; выбрасывает; страницу; авторизации; price,входа; посто; выбрасы; стра; авториз; price,,,,,889 RUB
385,web,2026-09-01 04:58:00,price email phone,price; email; phone,price; email; phone,,m.smirnova@gmail.com,2026-07-02,2026-07-02,1345 RUB
386,mobile_app,2026-09-01 23:19:00,сервис очень медленно загружает файлы сегодня date price,сервис; очень; медленно; загружает; файлы; сегодня; date; price,серв; очень; медл; загру; файлы; сего; date; price,,,,11/02/2027,90031р
387,mobile_app,2026-09-01 16:20:00,приложенее вылетает при запуске date phone почта email 1387,приложенее; вылетает; при; запуске; date; phone; почта; email; 1387,приложенее; выле; при; запу; date; phone; почта; email; 1387,http://docs-service.ru/order?????id=1387,student2026@yandex.ru,89633953337,23-02-27,
388,web,2026-09-13 18:10:00,входа постоянно выбрасывает страницу авторизации phone date,входа; постоянно; выбрасывает; страницу; авторизации; phone; date,входа; посто; выбрасы; стра; авториз; phone; date,www.status-service.ru/page/388;,,+7-954-194-31-46,29.08.2026,
389,chat,2026-09-04 12:14:00,сайт показывает белый экран браузере phone 1389 price email,сайт; показывает; белый; экран; браузере; phone; 1389; price; email,сайт; показы; белый; экран; брау; phone; 1389; price; email,http://helpdesk-example.ru/order?id=1389,student2026@corp-mail.ru,+7-925-685-57-69,,2 596 руб
390,web,2026-08-27 08:18:00,сайт показывает белый экран браузере phone date,сайт; показывает; белый; экран; браузере; phone; date,сайт; показы; белый; экран; брау; phone; date,https://www.docs-service.ru/support/390?from=mail;,,,10/10/2026,
391,chat,2026-09-10 19:33:00,сервис очень медленно загружает файлы сегодня,сервис; очень; медленно; загружает; файлы; сегодня,серв; очень; медл; загру; файлы; сего,,,,,
392,chat,2026-09-13 23:45:00,двухфакторной аутентификации phone phone,двухфакторной; аутентификации; phone; phone,двухфакто; аутентифик; phone; phone,https://www.status-service.ru/support/392???from=mail;,,2026-08-12; +7-954-963-59-96,2026-08-12,
393,email,2026-09-15 01:48:00,оплата тарифа прошла функции pro активировались price,оплата; тарифа; прошла; функции; pro; активировались; price,опла; тари; прош; функ; pro; активирова; price,,,,,543 руб
394,chat,2026-08-26 10:27:00,оплата тарифа прошла функции pro активировались email email price phone,оплата; тарифа; прошла; функции; pro; активировались; email; email; price; phone,опла; тари; прош; функ; pro; активирова; email; email; price; phone,https://www.docs-service.ru/support/394?from=mail,user_2232@mail.ru,2026-11-14,2026-11-14,502 RUB
395,mobile_app,2026-08-31 16:13:00,работает загрузка документа формата pdf date price,работает; загрузка; документа; формата; pdf; date; price,рабо; загр; докум; форм; pdf; date; price,https://status-service.ru/item/395,,,04-12-26,90 009 руб
396,social,2026-08-21 01:18:00,date phone email email,date; phone; email; email,date; phone; email; email,https://docs-service.ru/item/396;,TEST.USER@gmail.com,+7 959 320 4781,02-02-27,
397,chat,2026-09-10 01:05:00,входа постоянно выбрасывает страницу авторизации phone email date,входа; постоянно; выбрасывает; страницу; авторизации; phone; email; date,входа; посто; выбрасы; стра; авториз; phone; email; date,,student2026@mail.ru,8 981 345 60 86,01/07/2026,
398,mobile_app,2026-08-27 19:48:00,оплата тарифа прошла функции pro активировались phone price phone,оплата; тарифа; прошла; функции; pro; активировались; phone; price; phone,опла; тари; прош; функ; pro; активирова; phone; price; phone,,,2027-01-04; +7 919 558 7518,2027-01-04,199 922 руб
399,social,2026-08-21 22:43:00,входа постоянно выбрасывает страницу авторизации date phone,входа; постоянно; выбрасывает; страницу; авторизации; date; phone,входа; посто; выбрасы; стра; авториз; date; phone,https://status-service.ru/item/399,,89721071659,27-05-26,
400,email,2026-08-26 08:58:00,оплата тарифа прошла функции pro активировались 1400 phone price,оплата; тарифа; прошла; функции; pro; активировались; 1400; phone; price,опла; тари; прош; функ; pro; активирова; 1400; phone; price,http://docs-service.ru/order?id=1400,,89375913068,,199 907 руб
401,social,2026-08-23 08:41:00,403 тел phone 068,403; тел; phone; 068,403; тел; phone; 068,,,8 905 607 56 60,,
402,social,2026-09-01 20:02:00,приложение вылетает при запуске phone phone price,приложение; вылетает; при; запуске; phone; phone; price,прилож; выле; при; запу; phone; phone; price,,,+7-981-342-24-90; 2026-08-03,2026-08-03,1 369 руб
403,web,2026-09-06 04:38:00,сервис очень медленно загружает файлы сегодня phone phone,сервис; очень; медленно; загружает; файлы; сегодня; phone; phone,серв; очень; медл; загру; файлы; сего; phone; phone,,,89348776958; 2026-12-15,2026-12-15,
404,chat,2026-09-11 15:51:00,пропали сохранённые настройки аккаунта price date,пропали; сохранённые; настройки; аккаунта; price; date,проп; сохранё; настр; акка; price; date,,,,26-02-27,2556 Rub
405,mobile_app,2026-08-23 04:55:00,оплата тарифа прошла функции pro активировались price 1405 phone,оплата; тарифа; прошла; функции; pro; активировались; price; 1405; phone,опла; тари; прош; функ; pro; активирова; price; 1405; phone,http://helpdesk-example.ru/order?id=1405,,2026-09-25,2026-09-25,2503 RUB
406,web,2026-08-22 17:02:00,приложение вылетает при запуске price тел phone,приложение; вылетает; при; запуске; price; тел; phone,прилож; выле; при; запу; price; тел; phone,,,,,1364 RUB
407,social,2026-09-08 04:39:00,403 date тел phone email,403; date; тел; phone; email,403; date; тел; phone; email,www.helpdesk-example.ru/page/407;,user_1860@gmail.com,,13/02/2027,
408,web,2026-09-09 03:18:00,входа постоянно выбрасывает страницу авторизации phone,входа; постоянно; выбрасывает; страницу; авторизации; phone,входа; посто; выбрасы; стра; авториз; phone,,,89398053497,,
409,social,2026-09-03 18:36:00,сайт показывает белый экран браузере email phone price,сайт; показывает; белый; экран; браузере; email; phone; price,сайт; показы; белый; экран; брау; email; phone; price,www.helpdesk-example.ru/page/409;,m.smirnova@gmail.com,2026-08-11,2026-08-11,1 366 руб
410,chat,2026-08-25 06:05:00,сайт показывает белый экран браузере date email,сайт; показывает; белый; экран; браузере; date; email,сайт; показы; белый; экран; брау; date; email,www.status-service.ru/page/410;,student2026@corp-mail.ru,,10-08-26,
411,chat,2026-09-04 05:22:00,403 email email phone price,403; email; email; phone; price,403; email; email; phone; price,https://helpdesk-example.ru/item/411;,user_4964@gmail.com,,,799р
412,chat,2026-09-11 00:17:00,сервис очень медленно загружает файлы сегодня date phone,сервис; очень; медленно; загружает; файлы; сегодня; date; phone,серв; очень; медл; загру; файлы; сего; date; phone,,,,16.07.2026,
413,email,2026-09-15 08:37:00,оплата тарифа прошла функции pro активировались phone,оплата; тарифа; прошла; функции; pro; активировались; phone,опла; тари; прош; функ; pro; активирова; phone,,,,,
414,web,2026-09-02 03:22:00,пропали сохранённые настройки аккаунта phone,пропали; сохранённые; настройки; аккаунта; phone,проп; сохранё; настр; акка; phone,,,2026-09-23,2026-09-23,
415,email,2026-08-21 03:07:00,приложение вылетает при запуске date price phone,приложение; вылетает; при; запуске; date; price; phone,прилож; выле; при; запу; date; price; phone,https://status-service.ru/item/415,,+7-913-533-56-58,15-05-26,1341 RUB
416,mobile_app,2026-08-29 10:39:00,сервис очень медленно загружает файлы сегодня email email price,сервис; очень; медленно; загружает; файлы; сегодня; email; email; price,серв; очень; медл; загру; файлы; сего; email; email; price,,user_104@mail.ru,,,199988 RUB
417,web,2026-09-08 09:17:00,оплата тарифа прошла функции pro активировались price email phone,оплата; тарифа; прошла; функции; pro; активировались; price; email; phone,опла; тари; прош; функ; pro; активирова; price; email; phone,,help.me@mail.ru,,,124 517 руб
418,email,2026-08-24 19:32:00,входа постоянно выбрасывает страницу авторизации,входа; постоянно; выбрасывает; страницу; авторизации,входа; посто; выбрасы; стра; авториз,,,,,
419,email,2026-09-13 10:05:00,работает загрузка документа формата pdf,работает; загрузка; документа; формата; pdf,рабо; загр; докум; форм; pdf,,,,,
420,social,2026-09-06 01:47:00,работает загрузка документа формата pdf price email date,работает; загрузка; документа; формата; pdf; price; email; date,рабо; загр; докум; форм; pdf; price; email; date,,student2026@gmail.com,,29-06-26,199 932 рублей
421,chat,2026-09-10 10:10:00,сервис очень медленно загружает файлы сегодня date phone,сервис; очень; медленно; загружает; файлы; сегодня; date; phone,серв; очень; медл; загру; файлы; сего; date; phone,,,89909642597,23.12.2026,
422,social,2026-09-05 02:29:00,пропали сохранённые настройки аккаунта email email тел phone,пропали; сохранённые; настройки; аккаунта; email; email; тел; phone,проп; сохранё; настр; акка; email; email; тел; phone,Www.docs-service.ru/page/422,TEST.USER@yandex.ru,89994805180,,
423,mobile_app,2026-09-02 05:47:00,,,,www.status-service.ru/page/423,,,,
424,email,2026-09-05 19:48:00,работает загрузка документа формата pdf date 1424 price,работает; загрузка; документа; формата; pdf; date; 1424; price,рабо; загр; докум; форм; pdf; date; 1424; price,http://helpdesk-example.ru/order?id=1424,,,13/11/2026,6026р
425,social,2026-09-06 05:47:00,price 1425 email email,price; 1425; email; email,price; 1425; email; email,http://status-service.ru/order??id=1425,help.me@yandex.ru,,,511 руб
426,web,2026-09-14 00:08:00,двухфакторной аутентификации price тел phone,двухфакторной; аутентификации; price; тел; phone,двухфакто; аутентифик; price; тел; phone,https://docs-service.ru/item/426,,89776585870,,12999Р
427,web,2026-08-26 18:12:00,оплата тарифа прошла функции pro активировались 324 email date,оплата; тарифа; прошла; функции; pro; активировались; 324; email; date,опла; тари; прош; функ; pro; активирова; 324; email; date,https://helpdesk-example.ru/item/427,user_7251@mail.ru,,21.01.2027,
428,email,2026-08-28 17:07:00,входа постоянно выбрасывает страницу авторизации phone,входа; постоянно; выбрасывает; страницу; авторизации; phone,входа; посто; выбрасы; стра; авториз; phone,https://www.helpdesk-example.ru/support/428?from=mail;,,2027-02-28,2027-02-28,
429,email,2026-09-05 01:07:00,двухфакторной аутентификации 1429 email,двухфакторной; аутентификации; 1429; email,двухфакто; аутентифик; 1429; email,http://docs-service.ru/order???id=1429;,m.smirnova@corp-mail.ru,,,
430,email,2026-09-07 10:27:00,1430 price,1430; price,1430; price,http://status-service.ru/order?id=1430,,,,6 030 РУБЛЕЙ
431,mobile_app,2026-08-25 13:47:00,оплата тарифа прошла функции pro активировались email date phone,оплата; тарифа; прошла; функции; pro; активировались; email; date; phone,опла; тари; прош; функ; pro; активирова; email; date; phone,Www.docs-service.ru/page/431,ivan.petrov@gmail.com,+7 921 445 2784,13.05.2026,
432,mobile_app,2026-09-02 10:26:00,оплата тарифа прошла функции pro активировались date,оплата; тарифа; прошла; функции; pro; активировались; date,опла; тари; прош; функ; pro; активирова; date,,,,14.03.2026,
433,web,2026-08-20 03:01:00,price date тел phone,price; date; тел; phone,price; date; тел; phone,,,8 906 973 23 27,19.01.2027,90056р
434,chat,2026-08-24 18:46:00,пропали сохранённые настройки аккаунта phone тел phone email,пропали; сохранённые; настройки; аккаунта; phone; тел; phone; email,проп; сохранё; настр; акка; phone; тел; phone; email,https://www.docs-service.ru/support/434?from=mail;,m.smirnova@yandex.ru,2026-06-02; +7-952-621-41-86,2026-06-02,
435,email,2026-09-01 17:19:00,работает загрузка документа формата pdf email 002,работает; загрузка; документа; формата; pdf; email; 002,рабо; загр; докум; форм; pdf; email; 002,,HELP.ME@CORP-MAIL.RU,,,
436,email,2026-08-30 12:35:00,работает загрузка документа формата pdf,работает; загрузка; документа; формата; pdf,рабо; загр; докум; форм; pdf,,,,,
437,web,2026-09-07 16:43:00,пропали сохранённые настройки аккаунта price,пропали; сохранённые; настройки; аккаунта; price,проп; сохранё; настр; акка; price,,,,,46031 RUB
438,web,2026-08-20 12:28:00,пропали сохранённые настройки аккаунта,пропали; сохранённые; настройки; аккаунта,проп; сохранё; настр; акка,Https://www.status-service.ru/support/438?from=mail,,,,
439,mobile_app,2026-09-04 10:43:00,пропали сохранённые настройки аккаунта price,пропали; сохранённые; настройки; аккаунта; price,проп; сохранё; настр; акка; price,HTTPS://DOCS-SERVICE.RU/ITEM/439,,,,1332р
440,email,2026-09-10 04:50:00,403 phone 519 1440,403; phone; 519; 1440,403; phone; 519; 1440,http://helpdesk-example.ru/order?????id=1440,,8 935 554 46 48,,
441,email,2026-08-26 06:37:00,пропали сохранённые настройки аккаунта price phone,пропали; сохранённые; настройки; аккаунта; price; phone,проп; сохранё; настр; акка; price; phone,,,+7-969-202-52-71,,13 013 рублей
442,email,2026-09-12 06:55:00,двухфакторной аутентификации phone phone price,двухфакторной; аутентификации; phone; phone; price,двухфакто; аутентифик; phone; phone; price,,,2026-09-25; 89217494626,2026-09-25,1361 RUB
443,social,2026-08-24 09:15:00,приложение вылетает при запуске email date,приложение; вылетает; при; запуске; email; date,прилож; выле; при; запу; email; date,,TEST.USER@corp-mail.ru,,21.03.2026,
444,mobile_app,2026-08-21 07:04:00,пропали сохранённые настройки аккаунта price email тел phone,пропали; сохранённые; настройки; аккаунта; price; email; тел; phone,проп; сохранё; настр; акка; price; email; тел; phone,https://status-service.ru/item/444;,ivan.petrov@gmail.com,89635859834,,1 336 руб
445,social,2026-09-16 21:40:00,работает загрузка документа формата pdf date,работает; загрузка; документа; формата; pdf; date,рабо; загр; докум; форм; pdf; date,,,,14.11.2026,
446,social,2026-08-29 13:02:00,приложение вылетает при запуске price phone,приложение; вылетает; при; запуске; price; phone,прилож; выле; при; запу; price; phone,,,2026-07-22,2026-07-22,556 руб
447,mobile_app,2026-09-11 18:26:00,входа постоянно выбрасывает страницу авторизации 1447 date phone,входа; постоянно; выбрасывает; страницу; авторизации; 1447; date; phone,входа; посто; выбрасы; стра; авториз; 1447; date; phone,HTTP://HELPDESK-EXAMPLE.RU/ORDER??ID=1447,,+7 984 165 1458,25/05/2026,
448,mobile_app,2026-08-29 15:49:00,приложение вылетает при запуске price phone date,приложение; вылетает; при; запуске; price; phone; date,прилож; выле; при; запу; price; phone; date,https://www.docs-service.ru/support/448?from=mail,,+7-965-772-30-38,02-06-26,124553 RUB
449,mobile_app,2026-08-31 00:24:00,приложение вылетает при запуске почта email price phone,приложение; вылетает; при; запуске; почта; email; price; phone,прилож; выле; при; запу; почта; email; price; phone,https://www.status-service.ru/support/449?from=mail,m.smirnova@gmail.com,8 989 762 73 62,,2562р
450,web,2026-09-04 10:20:00,работает загрузка документа формата pdf price date,работает; загрузка; документа; формата; pdf; price; date,рабо; загр; докум; форм; pdf; price; date,,,,22/07/2026,820 руб
